模型, 长度,学习率, 优化器类型,batch_size,hidden_size,pooling_style,epoch_num,kernel_size,time,acc
gru,30,0.001,adam,64,768,max,10,4,6.991105795,0.747222222
gru,30,0.001,adam,64,768,max,20,3,7.208594322,0.744444444
gru,30,0.001,adam,64,768,max,20,4,6.886219263,0.741666667
gru,50,0.001,adam,64,768,max,20,3,7.42412734,0.741666667
gru,100,0.001,adam,64,768,max,10,4,10.82490659,0.733333333
gru,30,0.001,adam,64,768,avg,20,3,7.32098794,0.730555556
gru,50,0.001,adam,64,768,avg,10,3,7.548095465,0.727777778
gru,50,0.001,adam,64,768,avg,20,3,7.572047949,0.727777778
gru,50,0.001,adam,64,768,max,10,3,7.550785065,0.727777778
gru,100,0.001,adam,64,768,avg,10,3,10.8450458,0.727777778
gru,100,0.001,adam,64,768,avg,20,4,11.19172549,0.727777778
gru,30,0.001,adam,64,768,avg,20,4,6.853719234,0.725
gru,30,0.001,adam,64,768,max,10,3,6.829087019,0.725
gru,100,0.001,adam,64,768,max,20,3,10.85558033,0.725
gru,100,0.001,adam,64,768,avg,10,4,10.77067041,0.722222222
gru,100,0.001,adam,64,768,avg,20,3,10.92211819,0.722222222
lstm,30,0.001,adam,64,768,avg,10,3,7.181895256,0.719444444
lstm,50,0.001,adam,64,768,avg,10,4,9.364794731,0.719444444
lstm,200,0.001,adam,64,768,max,10,4,22.02215075,0.719444444
gru,30,0.001,adam,64,768,avg,10,3,7.280953646,0.716666667
gru,50,0.001,adam,64,768,avg,20,4,7.366464376,0.716666667
gru,100,0.001,adam,64,768,max,20,4,10.97053576,0.716666667
gru,30,0.001,adam,768,768,avg,10,3,5.283468485,0.713888889
gru,50,0.001,adam,64,768,avg,10,4,7.465135098,0.713888889
lstm,50,0.001,adam,64,768,max,10,3,9.431011677,0.711111111
lstm,100,0.001,adam,64,768,avg,10,3,13.03193045,0.711111111
gru,30,0.001,adam,64,768,avg,10,4,7.010093451,0.711111111
gru,100,0.001,adam,64,768,max,10,3,11.03158712,0.711111111
gru,100,0.001,adam,768,768,avg,20,3,9.672483206,0.711111111
gru,100,0.001,adam,768,768,max,20,4,9.553248882,0.711111111
lstm,100,0.001,adam,64,768,avg,20,3,13.28089213,0.708333333
lstm,100,0.001,adam,64,768,max,20,4,13.18058634,0.708333333
lstm,200,0.001,adam,64,768,max,10,3,22.19785166,0.708333333
gru,50,0.001,adam,64,768,max,10,4,7.373162746,0.708333333
gru,50,0.001,adam,64,768,max,20,4,7.421053171,0.708333333
gru,50,0.001,adam,768,768,avg,20,4,6.422096968,0.708333333
lstm,50,0.001,adam,64,768,avg,20,4,9.345698595,0.705555556
lstm,200,0.001,adam,64,768,avg,20,4,22.15342379,0.705555556
gru,30,0.001,adam,768,768,max,20,4,4.982146502,0.702777778
gru,100,0.001,adam,768,768,avg,10,3,9.505849838,0.702777778
lstm,30,0.001,adam,64,768,avg,20,4,7.627733469,0.7
lstm,50,0.001,adam,64,768,max,10,4,9.348509789,0.7
lstm,200,0.001,adam,64,768,max,20,4,22.26808453,0.7
gru,50,0.001,adam,768,768,avg,20,3,6.308775425,0.7
gru,100,0.001,adam,768,768,max,10,3,9.511434793,0.7
lstm,50,0.001,adam,64,768,max,20,4,8.998374939,0.697222222
gru,30,0.001,adam,768,768,avg,20,3,4.945819616,0.697222222
lstm,30,0.001,adam,64,768,avg,20,3,7.757671595,0.694444444
lstm,30,0.001,adam,64,768,max,20,4,7.30022192,0.694444444
lstm,200,0.001,adam,64,768,max,20,3,22.31675434,0.694444444
gru,50,0.001,adam,768,768,max,20,3,6.31934762,0.694444444
gru,100,0.001,adam,768,768,avg,20,4,9.66328764,0.694444444
lstm,30,0.001,adam,64,768,avg,10,4,7.158598661,0.691666667
lstm,30,0.001,adam,64,768,max,10,3,7.659758568,0.691666667
lstm,100,0.001,adam,64,768,max,10,3,13.41483498,0.691666667
lstm,200,0.001,adam,64,768,avg,10,4,22.16426373,0.691666667
gru,100,0.001,adam,768,768,max,20,3,9.32439518,0.691666667
lstm,30,0.001,adam,64,768,max,20,3,7.48375082,0.688888889
lstm,200,0.001,adam,64,768,avg,20,3,22.24945235,0.688888889
gru,50,0.001,adam,768,768,max,10,4,6.375099659,0.688888889
lstm,50,0.001,adam,64,768,max,20,3,9.200853348,0.686111111
lstm,200,0.001,adam,64,768,avg,10,3,22.20075417,0.686111111
gru,30,0.001,adam,768,768,max,10,3,5.085223675,0.686111111
gru,30,0.001,adam,768,768,avg,20,4,5.290568829,0.683333333
gru,50,0.001,adam,768,768,avg,10,3,6.546988964,0.683333333
gru,50,0.001,adam,768,768,avg,10,4,6.416343689,0.683333333
lstm,100,0.001,adam,64,768,avg,10,4,13.21763802,0.680555556
gru,30,0.001,adam,768,768,max,10,4,5.113628626,0.680555556
gru,50,0.001,adam,768,768,max,10,3,6.383321047,0.680555556
lstm,100,0.001,adam,64,768,avg,20,4,13.61142015,0.677777778
gru,30,0.001,adam,768,768,max,20,3,5.169821501,0.677777778
gru,100,0.001,adam,768,768,max,10,4,9.551474333,0.677777778
lstm,100,0.001,adam,64,768,max,10,4,13.45857406,0.675
gru,30,0.001,adam,768,768,avg,10,4,5.101745129,0.675
lstm,30,0.001,adam,64,768,max,10,4,7.650831699,0.672222222
gru,50,0.001,adam,768,768,max,20,4,6.450666428,0.672222222
gru,100,0.001,adam,768,768,avg,10,4,9.720148563,0.666666667
lstm,100,0.001,adam,64,768,max,20,3,13.20183897,0.661111111
lstm,50,0.001,adam,64,768,avg,20,3,9.115153551,0.658333333
gru,100,0.0001,adam,64,768,avg,20,4,11.44104481,0.652777778
gru,30,0.0001,adam,64,768,avg,20,3,6.222382069,0.65
gru,50,0.0001,adam,64,768,max,20,3,7.327403307,0.65
gru,100,0.0001,adam,64,768,avg,20,3,11.51119232,0.65
lstm,50,0.001,adam,768,768,max,20,4,7.539831161,0.644444444
gru,30,0.0001,adam,64,768,avg,10,4,6.053874254,0.644444444
gru,50,0.0001,adam,64,768,avg,20,4,7.418033123,0.644444444
gru,100,0.0001,adam,64,768,max,20,3,11.51666379,0.644444444
gru,50,0.0001,adam,64,768,avg,10,4,7.353337526,0.641666667
gru,50,0.0001,adam,64,768,max,10,4,7.341490984,0.638888889
gru,100,0.0001,adam,64,768,avg,10,4,11.43855524,0.638888889
lstm,100,0.001,adam,768,768,max,10,4,10.9447844,0.636111111
gru,30,0.0001,adam,64,768,max,10,3,6.360688686,0.636111111
gru,100,0.0001,adam,64,768,max,20,4,11.7489388,0.636111111
lstm,50,0.001,adam,768,768,avg,20,3,7.298997402,0.633333333
gru,50,0.0001,adam,64,768,avg,20,3,7.299094439,0.633333333
lstm,50,0.001,adam,768,768,max,10,4,7.38460803,0.630555556
gru,30,0.0001,adam,64,768,avg,10,3,6.408911228,0.630555556
lstm,30,0.001,adam,768,768,max,10,3,6.251396894,0.627777778
lstm,100,0.001,adam,768,768,avg,10,3,11.08211303,0.627777778
lstm,100,0.001,adam,768,768,avg,20,4,10.97958374,0.627777778
lstm,100,0.001,adam,768,768,max,20,4,10.92044663,0.627777778
gru,50,0.0001,adam,64,768,max,10,3,7.368380308,0.627777778
lstm,30,0.001,adam,768,768,avg,20,3,6.307124615,0.625
lstm,100,0.001,adam,768,768,max,10,3,11.06438327,0.625
lstm,100,0.001,adam,768,768,max,20,3,10.89518619,0.625
gru,30,0.0001,adam,64,768,max,20,3,8.651931763,0.625
gru,50,0.0001,adam,64,768,max,20,4,7.498362064,0.625
gru,100,0.0001,adam,64,768,avg,10,3,11.4672513,0.625
lstm,50,0.001,adam,768,768,avg,10,3,7.416053295,0.619444444
lstm,50,0.001,adam,768,768,avg,10,4,7.281598568,0.619444444
lstm,50,0.001,adam,768,768,max,10,3,7.367168903,0.619444444
lstm,100,0.001,adam,768,768,avg,10,4,10.99717593,0.619444444
lstm,200,0.001,adam,768,768,avg,10,4,20.14813423,0.619444444
gru,30,0.0001,adam,64,768,avg,20,4,6.224113703,0.619444444
gru,50,0.0001,adam,64,768,avg,10,3,7.406768799,0.619444444
lstm,50,0.001,adam,768,768,max,20,3,7.416328669,0.616666667
lstm,200,0.001,adam,768,768,avg,20,3,20.05452251,0.616666667
gru,30,0.0001,adam,64,768,max,10,4,7.008923292,0.616666667
lstm,30,0.001,adam,768,768,avg,20,4,6.354767561,0.613888889
gru,100,0.0001,adam,64,768,max,10,3,11.44528961,0.613888889
gru,100,0.0001,adam,64,768,max,10,4,11.47902179,0.613888889
lstm,30,0.001,adam,768,768,avg,10,4,6.043839693,0.611111111
lstm,30,0.001,adam,768,768,max,20,3,6.261026382,0.608333333
lstm,200,0.001,adam,768,768,max,20,3,20.09676528,0.608333333
gru,30,0.0001,adam,64,768,max,20,4,7.582659721,0.608333333
lstm,30,0.001,adam,768,768,avg,10,3,6.090146065,0.605555556
lstm,30,0.001,adam,768,768,max,10,4,6.264976501,0.602777778
lstm,200,0.001,adam,768,768,max,10,3,19.87552452,0.602777778
lstm,200,0.0001,adam,64,768,avg,20,4,21.99564385,0.602777778
lstm,50,0.001,adam,768,768,avg,20,4,7.770118237,0.6
lstm,200,0.0001,adam,64,768,max,20,4,22.08149815,0.6
lstm,50,0.0001,adam,64,768,avg,20,4,8.879475594,0.597222222
lstm,200,0.001,adam,768,768,avg,20,4,20.3293004,0.597222222
lstm,30,0.001,adam,768,768,max,20,4,6.140653849,0.594444444
lstm,30,0.0001,adam,64,768,max,20,3,8.477579117,0.594444444
lstm,50,0.0001,adam,64,768,avg,10,3,9.081802368,0.594444444
lstm,100,0.001,adam,768,768,avg,20,3,10.86482978,0.594444444
lstm,30,0.0001,adam,64,768,avg,20,4,7.702095509,0.591666667
lstm,200,0.001,adam,768,768,max,20,4,20.11199832,0.588888889
lstm,50,0.0001,adam,64,768,avg,20,3,8.861906767,0.586111111
lstm,100,0.0001,adam,64,768,avg,20,3,13.04997706,0.583333333
lstm,200,0.001,adam,768,768,max,10,4,20.19606566,0.583333333
lstm,30,0.0001,adam,64,768,max,20,4,8.122875214,0.577777778
lstm,200,0.0001,adam,64,768,max,10,3,22.05170226,0.577777778
lstm,30,0.0001,adam,64,768,max,10,4,8.407468319,0.575
lstm,50,0.0001,adam,64,768,max,10,3,9.266613007,0.572222222
lstm,100,0.0001,adam,64,768,max,10,3,13.25080156,0.572222222
lstm,200,0.0001,adam,64,768,avg,10,4,21.76131535,0.572222222
lstm,50,0.0001,adam,64,768,avg,10,4,9.095855713,0.569444444
lstm,100,0.0001,adam,64,768,max,20,3,13.18360567,0.569444444
lstm,100,0.0001,adam,64,768,max,20,4,13.05007029,0.569444444
lstm,200,0.0001,adam,64,768,max,10,4,22.11442637,0.569444444
lstm,100,0.0001,adam,64,768,avg,10,4,12.71075511,0.566666667
lstm,30,0.0001,adam,64,768,avg,10,3,7.988253832,0.563888889
lstm,50,0.0001,adam,64,768,max,10,4,9.216175556,0.563888889
gru,30,0.001,adam,64,64,max,20,3,2.406361341,0.563888889
lstm,100,0.0001,adam,64,768,avg,20,4,13.12897062,0.561111111
gru,100,0.001,adam,64,64,max,10,4,2.136445522,0.561111111
lstm,30,0.0001,adam,64,768,max,10,3,8.014599323,0.558333333
lstm,100,0.0001,adam,64,768,avg,10,3,12.88778853,0.558333333
lstm,200,0.0001,adam,64,768,avg,20,3,21.86105299,0.558333333
gru,30,0.001,adam,64,64,max,20,4,2.943445206,0.558333333
gru,100,0.001,adam,64,64,avg,20,4,2.404994249,0.558333333
gru,100,0.001,adam,64,64,max,20,4,2.476703882,0.558333333
lstm,30,0.0001,adam,64,768,avg,10,4,8.28640461,0.555555556
lstm,200,0.0001,adam,64,768,avg,10,3,21.641644,0.555555556
gru,50,0.001,adam,64,64,avg,20,3,2.782378435,0.552777778
gru,50,0.001,adam,64,64,max,10,4,3.552266836,0.552777778
lstm,50,0.0001,adam,64,768,max,20,3,9.181648016,0.55
lstm,50,0.0001,adam,64,768,max,20,4,9.184665442,0.55
lstm,200,0.0001,adam,64,768,max,20,3,22.064399,0.55
lstm,30,0.001,adam,64,64,max,20,3,1.626716614,0.547222222
lstm,100,0.001,adam,64,64,max,10,3,2.939402342,0.544444444
lstm,100,0.0001,adam,64,768,max,10,4,13.11856365,0.544444444
lstm,30,0.0001,adam,64,768,avg,20,3,7.738150597,0.541666667
gru,50,0.001,adam,64,64,avg,10,4,2.800550938,0.541666667
gru,50,0.001,adam,64,64,avg,20,4,3.387450218,0.538888889
gru,100,0.001,adam,64,64,max,20,3,2.189932585,0.538888889
gru,50,0.001,adam,64,64,max,20,4,2.177593708,0.533333333
gru,30,0.001,adam,64,64,avg,10,3,2.605843067,0.525
gru,30,0.001,adam,64,64,avg,20,3,3.029685497,0.525
gru,30,0.001,adam,64,64,avg,20,4,2.475759268,0.525
gru,30,0.001,adam,64,64,max,10,3,2.43025279,0.525
gru,30,0.001,adam,64,64,avg,10,4,2.878971815,0.519444444
gru,50,0.001,adam,64,64,max,20,3,2.785368204,0.508333333
lstm,100,0.001,adam,64,64,avg,10,3,2.523176432,0.505555556
lstm,200,0.001,adam,64,64,max,20,3,2.35418725,0.505555556
gru,50,0.001,adam,64,64,avg,10,3,2.882484198,0.505555556
gru,100,0.001,adam,64,64,avg,10,4,2.500931025,0.502777778
gru,100,0.001,adam,64,64,avg,20,3,2.357957363,0.502777778
lstm,30,0.001,adam,64,64,max,10,3,1.698828697,0.5
lstm,50,0.001,adam,64,64,avg,10,3,2.416509151,0.5
lstm,100,0.001,adam,64,64,avg,20,4,3.028496265,0.5
lstm,100,0.001,adam,64,64,max,20,4,2.371972561,0.5
lstm,30,0.001,adam,64,64,avg,20,4,1.632522345,0.497222222
gru,30,0.001,adam,64,64,max,10,4,2.488491058,0.497222222
gru,100,0.001,adam,64,64,avg,10,3,2.416824102,0.497222222
gru,50,0.001,adam,64,64,max,10,3,3.36295414,0.494444444
lstm,30,0.001,adam,64,64,avg,20,3,1.448906422,0.488888889
lstm,100,0.001,adam,64,64,avg,10,4,2.623230934,0.486111111
lstm,50,0.001,adam,64,64,avg,20,3,2.741079807,0.483333333
gru,100,0.001,adam,64,64,max,10,3,2.161171913,0.477777778
lstm,50,0.001,adam,64,64,max,10,4,2.406598091,0.475
lstm,50,0.001,adam,64,64,max,20,4,2.607087851,0.475
lstm,200,0.001,adam,64,64,max,10,3,2.776939869,0.475
lstm,200,0.001,adam,64,64,avg,20,3,2.674761295,0.472222222
lstm,30,0.001,adam,64,64,max,20,4,1.561311007,0.469444444
lstm,50,0.001,adam,64,64,max,10,3,3.1964252,0.469444444
lstm,50,0.001,adam,64,64,max,20,3,2.743432283,0.469444444
lstm,50,0.001,adam,64,64,avg,20,4,2.680384398,0.463888889
lstm,30,0.001,adam,64,64,max,10,4,1.683929682,0.461111111
lstm,100,0.001,adam,64,64,max,10,4,2.555951118,0.458333333
lstm,200,0.001,adam,64,64,avg,10,4,2.672502041,0.458333333
lstm,200,0.001,adam,64,64,avg,20,4,2.589307547,0.458333333
lstm,200,0.001,adam,64,64,max,20,4,2.505347013,0.452777778
lstm,30,0.001,adam,64,64,avg,10,4,1.281375885,0.45
lstm,200,0.001,adam,64,64,avg,10,3,2.421854973,0.436111111
lstm,200,0.001,adam,64,64,max,10,4,2.591445923,0.436111111
lstm,50,0.001,adam,64,64,avg,10,4,2.506538153,0.433333333
lstm,100,0.001,adam,64,64,avg,20,3,2.71962285,0.433333333
lstm,100,0.001,adam,64,64,max,20,3,2.660747051,0.422222222
gru,30,0.0001,adam,768,768,avg,20,4,5.440386057,0.244444444
gru,30,0.0001,adam,768,768,max,10,4,5.567470789,0.244444444
gru,50,0.0001,adam,768,768,avg,10,4,6.42422843,0.244444444
gru,50,0.0001,adam,768,768,max,10,4,6.356243849,0.241666667
gru,100,0.0001,adam,768,768,max,20,4,9.556153297,0.236111111
gru,100,0.0001,adam,768,768,max,10,3,9.721890211,0.233333333
gru,100,0.0001,adam,768,768,avg,10,3,9.736803532,0.225
gru,30,0.0001,adam,768,768,max,20,3,5.624104261,0.222222222
gru,100,0.0001,adam,768,768,avg,20,4,9.599764824,0.219444444
gru,50,0.0001,adam,768,768,max,10,3,6.317528725,0.213888889
gru,100,0.0001,adam,768,768,avg,20,3,9.623986483,0.211111111
gru,30,0.0001,adam,768,768,avg,10,4,5.686226368,0.208333333
gru,30,0.0001,adam,768,768,max,20,4,5.52469635,0.208333333
gru,100,0.0001,adam,768,768,max,20,3,9.759600401,0.205555556
gru,50,0.0001,adam,768,768,avg,10,3,6.38688612,0.202777778
gru,50,0.0001,adam,768,768,avg,20,3,6.398433447,0.202777778
gru,30,0.0001,adam,768,768,avg,10,3,5.590973139,0.180555556
gru,50,0.0001,adam,768,768,max,20,3,6.359826565,0.180555556
gru,100,0.0001,adam,768,768,max,10,4,9.642582893,0.180555556
lstm,200,0.0001,adam,768,768,avg,20,4,19.94156766,0.175
gru,100,0.0001,adam,768,768,avg,10,4,9.54399538,0.175
gru,50,0.0001,adam,768,768,max,20,4,6.400973558,0.172222222
lstm,30,0.0001,adam,768,768,max,20,3,6.088986158,0.166666667
gru,50,0.0001,adam,768,768,avg,20,4,6.368262768,0.166666667
lstm,200,0.0001,adam,768,768,max,20,4,20.01734567,0.163888889
gru,30,0.0001,adam,768,768,max,10,3,5.344527483,0.163888889
lstm,200,0.0001,adam,768,768,max,20,3,19.92278647,0.155555556
lstm,50,0.0001,adam,768,768,avg,20,3,7.467917919,0.152777778
lstm,50,1.00E-05,adam,64,768,max,10,3,8.891144514,0.152777778
lstm,200,0.0001,adam,768,768,max,10,3,19.87725234,0.152777778
lstm,50,0.0001,adam,768,768,max,20,3,7.467883825,0.147222222
gru,30,0.0001,adam,768,768,avg,20,3,5.575829029,0.147222222
lstm,100,0.0001,adam,768,768,max,10,3,10.91274929,0.144444444
lstm,30,0.0001,adam,768,768,avg,20,3,5.944919348,0.141666667
lstm,100,1.00E-05,adam,64,768,avg,20,3,13.1794858,0.141666667
gru,50,1.00E-05,adam,64,768,max,20,4,7.499318123,0.141666667
lstm,50,0.0001,adam,768,768,avg,10,4,7.559111595,0.138888889
lstm,50,0.0001,adam,768,768,max,20,4,7.769129515,0.138888889
lstm,100,0.0001,adam,768,768,avg,10,3,11.14063358,0.138888889
lstm,100,0.0001,adam,768,768,avg,20,4,10.81457162,0.138888889
lstm,200,0.0001,adam,768,768,max,10,4,19.94183755,0.138888889
gru,30,1.00E-05,adam,64,768,avg,20,4,6.941121101,0.138888889
lstm,30,0.0001,adam,768,768,max,10,4,6.039441824,0.136111111
lstm,200,0.0001,adam,768,768,avg,10,4,20.08099461,0.136111111
lstm,50,0.0001,adam,768,768,avg,20,4,7.613090992,0.133333333
lstm,50,0.0001,adam,768,768,max,10,3,7.650991678,0.133333333
lstm,30,1.00E-05,adam,64,768,max,20,3,8.029139519,0.127777778
lstm,50,0.0001,adam,768,768,avg,10,3,7.519910574,0.127777778
lstm,100,0.0001,adam,768,768,avg,20,3,10.79769039,0.127777778
lstm,200,0.0001,adam,768,768,avg,10,3,20.0457809,0.125
gru,50,1.00E-05,adam,64,768,max,10,4,7.534920216,0.125
gru,100,1.00E-05,adam,64,768,avg,10,4,10.77615523,0.125
lstm,50,0.0001,adam,768,768,max,10,4,7.587416887,0.122222222
lstm,100,0.0001,adam,768,768,max,20,4,10.89716125,0.122222222
gru,100,0.001,adam,768,64,max,10,3,0.920689821,0.122222222
lstm,200,0.0001,adam,768,768,avg,20,3,19.99541402,0.119444444
gru,100,1.00E-05,adam,64,768,max,10,4,10.41877532,0.119444444
lstm,30,0.0001,adam,768,768,avg,20,4,5.976385593,0.116666667
lstm,50,1.00E-05,adam,64,768,max,10,4,8.912940264,0.116666667
lstm,100,0.0001,adam,768,768,avg,10,4,10.84780955,0.116666667
lstm,200,0.001,adam,768,64,max,10,4,1.108663559,0.113888889
gru,30,1.00E-05,adam,64,768,max,10,4,7.287036419,0.113888889
gru,100,0.001,adam,768,64,max,10,4,0.989140749,0.113888889
lstm,30,0.0001,adam,768,768,avg,10,3,6.522933483,0.111111111
lstm,30,0.0001,adam,768,768,avg,10,4,6.005688906,0.111111111
lstm,30,0.0001,adam,768,768,max,10,3,6.070295811,0.111111111
lstm,50,1.00E-05,adam,64,768,avg,10,4,9.103968382,0.111111111
lstm,200,1.00E-05,adam,64,768,max,20,4,21.98741651,0.111111111
gru,50,0.001,adam,768,64,avg,10,3,0.827189684,0.111111111
gru,50,1.00E-05,adam,64,768,avg,10,4,7.425019979,0.111111111
gru,100,0.001,adam,768,64,avg,20,3,0.942357063,0.108333333
gru,100,1.00E-05,adam,64,768,avg,10,3,10.81170583,0.108333333
lstm,30,1.00E-05,adam,64,768,avg,10,4,8.04159236,0.105555556
lstm,200,1.00E-05,adam,64,768,avg,10,3,21.84396195,0.105555556
gru,30,1.00E-05,adam,64,768,max,10,3,7.058842897,0.105555556
gru,50,1.00E-05,adam,64,768,avg,20,4,7.268142939,0.105555556
lstm,100,1.00E-05,adam,64,768,max,10,3,13.04913092,0.102777778
gru,30,0.001,adam,768,64,avg,10,3,0.907208204,0.102777778
gru,50,0.001,adam,768,64,max,10,3,0.987774849,0.102777778
lstm,30,1.00E-05,adam,64,768,max,10,4,8.075420141,0.1
lstm,50,1.00E-05,adam,64,768,avg,20,3,9.229963064,0.1
lstm,100,1.00E-05,adam,64,768,max,20,3,13.08439827,0.1
gru,30,0.001,adam,768,64,avg,20,4,1.284548998,0.1
gru,100,1.00E-05,adam,64,768,max,20,4,10.72632694,0.1
lstm,30,1.00E-05,adam,64,768,avg,10,3,8.173830271,0.097222222
lstm,30,1.00E-05,adam,64,768,avg,20,3,8.286390543,0.097222222
lstm,50,1.00E-05,adam,64,768,max,20,4,9.259042025,0.097222222
gru,30,0.001,adam,768,64,max,10,3,1.129462481,0.097222222
gru,50,1.00E-05,adam,64,768,avg,20,3,7.317430019,0.097222222
lstm,30,1.00E-05,adam,64,768,max,10,3,8.241684198,0.094444444
lstm,100,0.001,adam,768,64,avg,20,4,1.173007011,0.094444444
lstm,100,0.0001,adam,768,768,max,10,4,11.10294223,0.094444444
lstm,100,0.0001,adam,768,768,max,20,3,10.89551401,0.094444444
gru,30,1.00E-05,adam,64,768,avg,20,3,6.834336281,0.094444444
gru,100,0.001,adam,768,64,avg,10,4,0.923950195,0.094444444
lstm,30,0.0001,adam,768,768,max,20,4,5.963073969,0.091666667
lstm,30,1.00E-05,adam,64,768,max,20,4,8.174031734,0.091666667
lstm,50,1.00E-05,adam,64,768,max,20,3,9.443348169,0.091666667
lstm,50,1.00E-05,adam,768,768,max,10,3,7.333300352,0.091666667
gru,50,0.001,adam,768,64,max,10,4,1.206940174,0.091666667
lstm,200,0.0001,adam,64,64,avg,20,3,2.573679924,0.088888889
lstm,200,1.00E-05,adam,64,768,max,10,4,22.04751563,0.088888889
gru,30,1.00E-05,adam,64,768,max,20,3,7.030399323,0.088888889
gru,30,1.00E-05,adam,64,768,max,20,4,6.806312561,0.088888889
gru,100,0.0001,adam,64,64,max,10,3,3.088142157,0.088888889
gru,100,1.00E-05,adam,64,768,max,20,3,10.60170722,0.088888889
lstm,200,1.00E-05,adam,768,768,max,20,4,19.99818516,0.086111111
gru,30,1.00E-05,SGD,64,768,avg,10,4,6.242976665,0.086111111
gru,50,0.001,adam,768,64,avg,20,3,0.880448341,0.086111111
gru,50,1.00E-05,adam,768,768,max,10,3,6.542390823,0.086111111
lstm,100,0.0001,adam,64,64,max,10,4,3.253954887,0.083333333
gru,30,0.0001,SGD,64,64,max,10,3,2.683546066,0.083333333
gru,50,0.0001,adam,64,64,avg,20,3,2.053662062,0.083333333
gru,100,0.001,SGD,64,768,max,10,4,10.80642939,0.083333333
lstm,100,0.0001,adam,768,64,max,20,3,1.142355919,0.080555556
lstm,100,1.00E-05,adam,64,768,avg,10,3,13.07105875,0.080555556
lstm,200,0.001,SGD,768,64,max,10,4,1.177797794,0.080555556
lstm,200,0.0001,SGD,64,768,avg,20,4,21.30493784,0.080555556
lstm,200,1.00E-05,adam,64,768,avg,20,4,22.02172232,0.080555556
gru,30,0.001,adam,768,64,avg,10,4,0.836928606,0.080555556
gru,50,0.001,adam,768,64,avg,10,4,0.787701607,0.080555556
gru,50,0.001,SGD,64,64,avg,10,4,2.388643026,0.080555556
gru,50,1.00E-05,adam,64,768,max,20,3,7.337112188,0.080555556
gru,100,0.001,SGD,64,768,max,20,4,10.49500179,0.080555556
lstm,30,1.00E-05,adam,768,768,avg,20,4,6.355753899,0.077777778
lstm,50,0.001,SGD,768,64,max,10,3,1.092202902,0.077777778
lstm,50,0.001,SGD,768,768,max,10,3,7.365466356,0.077777778
lstm,50,0.0001,adam,64,64,avg,20,3,2.471728086,0.077777778
lstm,100,1.00E-05,adam,768,64,max,20,3,1.026200056,0.077777778
lstm,200,0.001,adam,768,64,max,10,3,1.182260275,0.077777778
gru,30,1.00E-05,adam,64,768,avg,10,3,6.762703896,0.077777778
gru,50,0.001,adam,768,64,max,20,3,1.298376799,0.077777778
gru,50,0.001,SGD,768,768,avg,20,4,6.544345379,0.077777778
gru,100,0.001,SGD,768,768,max,20,4,9.699230433,0.077777778
gru,100,1.00E-05,adam,64,768,avg,20,3,10.4498508,0.077777778
lstm,30,0.001,SGD,768,768,avg,20,4,6.314936638,0.075
lstm,30,0.0001,SGD,768,64,max,20,4,1.229050875,0.075
lstm,30,1.00E-05,adam,64,64,max,10,4,2.540111065,0.075
lstm,30,1.00E-05,SGD,768,64,avg,10,3,0.958383799,0.075
lstm,50,0.001,SGD,64,768,max,20,4,8.171951056,0.075
lstm,50,1.00E-05,adam,768,64,avg,10,3,0.999086618,0.075
lstm,100,0.001,SGD,768,768,max,10,3,10.80340743,0.075
lstm,100,1.00E-05,adam,64,64,avg,20,4,2.928766966,0.075
lstm,100,1.00E-05,SGD,64,64,max,20,3,2.371652365,0.075
lstm,200,0.001,SGD,64,768,max,10,3,21.20748353,0.075
gru,30,0.0001,adam,64,64,max,10,3,2.100133896,0.075
gru,30,1.00E-05,adam,768,64,max,10,4,1.133547783,0.075
gru,30,1.00E-05,SGD,64,64,avg,10,3,1.911122322,0.075
gru,30,1.00E-05,SGD,768,768,avg,10,3,5.377733707,0.075
gru,50,0.0001,SGD,64,64,max,20,4,2.039043665,0.075
gru,50,0.0001,SGD,768,768,avg,10,3,6.359679699,0.075
gru,50,1.00E-05,adam,768,64,avg,10,4,0.938688517,0.075
gru,100,0.0001,SGD,768,768,max,10,4,9.389945984,0.075
gru,100,1.00E-05,adam,64,768,avg,20,4,10.37732911,0.075
lstm,30,0.001,SGD,768,64,avg,10,4,1.01765871,0.072222222
lstm,30,0.0001,SGD,768,64,avg,10,4,0.908444405,0.072222222
lstm,30,1.00E-05,adam,64,64,avg,20,3,2.631647825,0.072222222
lstm,30,1.00E-05,adam,768,64,max,10,3,1.127493858,0.072222222
lstm,30,1.00E-05,adam,768,768,avg,10,3,6.13060236,0.072222222
lstm,30,1.00E-05,adam,768,768,max,10,3,6.304897785,0.072222222
lstm,30,1.00E-05,adam,768,768,max,20,3,6.39855814,0.072222222
lstm,30,1.00E-05,SGD,64,768,max,10,3,7.670877934,0.072222222
lstm,30,1.00E-05,SGD,768,768,avg,10,3,6.423238754,0.072222222
lstm,50,0.001,SGD,64,768,avg,20,3,8.24057126,0.072222222
lstm,50,0.001,SGD,768,64,max,10,4,1.143695116,0.072222222
lstm,50,0.0001,adam,64,64,max,20,4,2.355828524,0.072222222
lstm,50,0.0001,adam,768,64,max,10,4,1.19436264,0.072222222
lstm,50,0.0001,SGD,768,64,max,10,3,0.99116683,0.072222222
lstm,50,1.00E-05,adam,768,64,max,20,4,1.158764362,0.072222222
lstm,50,1.00E-05,SGD,768,768,avg,10,3,7.220767021,0.072222222
lstm,100,0.001,adam,768,64,avg,10,4,1.071284294,0.072222222
lstm,100,0.001,SGD,768,64,max,20,3,1.071379423,0.072222222
lstm,100,1.00E-05,adam,64,64,max,10,4,2.707505941,0.072222222
lstm,100,1.00E-05,adam,64,768,max,20,4,12.98363972,0.072222222
lstm,100,1.00E-05,adam,768,64,max,10,4,1.296340227,0.072222222
lstm,100,1.00E-05,SGD,768,64,avg,10,3,0.969269753,0.072222222
lstm,200,0.001,SGD,64,64,max,10,4,2.319538832,0.072222222
lstm,200,0.001,SGD,768,64,avg,10,4,1.108355522,0.072222222
lstm,200,0.001,SGD,768,64,max,10,3,1.061763287,0.072222222
lstm,200,0.0001,SGD,64,64,avg,10,4,2.240078211,0.072222222
lstm,200,1.00E-05,SGD,64,768,max,10,3,21.3750093,0.072222222
lstm,200,1.00E-05,SGD,768,64,avg,20,4,1.131057978,0.072222222
lstm,200,1.00E-05,SGD,768,768,max,10,3,20.04233289,0.072222222
gru,30,0.001,adam,768,64,avg,20,3,0.955278158,0.072222222
gru,30,0.0001,adam,64,64,avg,10,3,1.71253562,0.072222222
gru,30,0.0001,adam,64,64,avg,20,3,1.889263868,0.072222222
gru,30,0.0001,adam,768,64,max,20,4,1.333106041,0.072222222
gru,30,0.0001,SGD,768,64,max,20,3,1.08301115,0.072222222
gru,50,0.001,adam,768,64,avg,20,4,0.902797222,0.072222222
gru,50,0.001,SGD,768,64,max,10,4,0.936634064,0.072222222
gru,50,1.00E-05,adam,64,64,max,10,4,2.227894068,0.072222222
gru,50,1.00E-05,SGD,64,768,avg,20,3,7.324053526,0.072222222
gru,50,1.00E-05,SGD,768,64,avg,20,4,0.884915113,0.072222222
gru,100,0.001,adam,768,64,avg,10,3,0.899652243,0.072222222
gru,100,0.001,adam,768,64,avg,20,4,0.928639412,0.072222222
gru,100,0.0001,adam,64,64,max,20,4,3.242651463,0.072222222
gru,100,0.0001,SGD,64,64,avg,20,3,2.239022255,0.072222222
gru,100,0.0001,SGD,64,64,avg,20,4,2.560792208,0.072222222
lstm,30,0.001,SGD,64,768,avg,20,3,7.831361532,0.069444444
lstm,30,0.001,SGD,64,768,avg,20,4,7.417453766,0.069444444
lstm,30,0.0001,adam,768,64,avg,20,4,1.178776503,0.069444444
lstm,30,0.0001,SGD,64,64,max,10,4,2.48913312,0.069444444
lstm,30,0.0001,SGD,768,768,avg,20,3,6.244202137,0.069444444
lstm,30,0.0001,SGD,768,768,avg,20,4,6.289625168,0.069444444
lstm,30,1.00E-05,adam,64,768,avg,20,4,8.170702696,0.069444444
lstm,50,0.001,adam,768,64,avg,10,3,0.891777754,0.069444444
lstm,50,0.001,SGD,64,64,avg,20,4,2.286781549,0.069444444
lstm,50,0.001,SGD,768,64,avg,10,3,0.807078362,0.069444444
lstm,50,0.0001,SGD,64,64,avg,20,3,2.889282227,0.069444444
lstm,50,0.0001,SGD,64,768,max,10,4,8.577690363,0.069444444
lstm,50,0.0001,SGD,768,768,avg,10,3,7.428940058,0.069444444
lstm,50,0.0001,SGD,768,768,max,20,3,7.685090303,0.069444444
lstm,50,1.00E-05,SGD,64,64,max,10,4,2.271724701,0.069444444
lstm,50,1.00E-05,SGD,768,768,avg,10,4,7.113148928,0.069444444
lstm,100,0.0001,adam,64,64,max,20,3,2.844125748,0.069444444
lstm,100,0.0001,SGD,768,768,max,10,3,11.18459177,0.069444444
lstm,200,0.001,SGD,768,768,max,10,3,19.97901893,0.069444444
lstm,200,0.0001,adam,768,64,max,20,4,1.009399176,0.069444444
lstm,200,0.0001,SGD,768,64,max,10,4,1.094563007,0.069444444
lstm,200,1.00E-05,adam,64,64,avg,10,3,2.236911297,0.069444444
lstm,200,1.00E-05,SGD,768,64,avg,20,3,1.126778841,0.069444444
gru,30,0.0001,SGD,64,768,avg,20,3,6.60217905,0.069444444
gru,30,0.0001,SGD,64,768,max,10,3,7.166490078,0.069444444
gru,30,0.0001,SGD,768,768,max,10,3,5.132504702,0.069444444
gru,30,1.00E-05,adam,64,64,max,20,4,2.553614378,0.069444444
gru,30,1.00E-05,SGD,64,64,avg,20,3,2.535939932,0.069444444
gru,50,0.001,SGD,64,64,max,20,3,2.113915682,0.069444444
gru,50,0.001,SGD,768,768,max,10,4,6.299407005,0.069444444
gru,50,0.001,SGD,768,768,max,20,4,6.255028248,0.069444444
gru,50,0.0001,adam,64,64,max,20,4,2.091992617,0.069444444
gru,50,0.0001,SGD,64,64,max,20,3,1.877099037,0.069444444
gru,50,1.00E-05,adam,768,768,max,20,3,6.320957422,0.069444444
gru,50,1.00E-05,SGD,64,64,avg,20,4,2.375942945,0.069444444
gru,50,1.00E-05,SGD,64,768,avg,20,4,7.830081701,0.069444444
gru,50,1.00E-05,SGD,768,64,max,10,3,0.965228081,0.069444444
gru,50,1.00E-05,SGD,768,768,avg,20,4,6.408658028,0.069444444
gru,100,0.001,SGD,64,64,max,10,4,2.31232667,0.069444444
gru,100,0.0001,SGD,64,64,max,20,3,2.345113039,0.069444444
gru,100,0.0001,SGD,768,64,avg,10,3,0.914395332,0.069444444
gru,100,0.0001,SGD,768,768,max,20,3,9.41083169,0.069444444
gru,100,0.0001,SGD,768,768,max,20,4,9.478529692,0.069444444
lstm,30,0.001,adam,768,64,max,20,4,0.976871252,0.066666667
lstm,30,0.001,SGD,768,768,avg,10,3,6.355742693,0.066666667
lstm,30,0.0001,SGD,64,768,max,10,3,7.45149684,0.066666667
lstm,30,1.00E-05,adam,64,64,avg,10,4,2.453822136,0.066666667
lstm,30,1.00E-05,adam,768,768,avg,20,3,6.374415636,0.066666667
lstm,30,1.00E-05,SGD,768,64,max,10,3,1.275934935,0.066666667
lstm,50,0.001,SGD,64,64,max,10,3,2.270154476,0.066666667
lstm,50,0.0001,adam,768,64,avg,20,4,1.292259693,0.066666667
lstm,50,1.00E-05,adam,64,64,max,20,3,2.431028605,0.066666667
lstm,50,1.00E-05,adam,768,64,max,10,4,1.115192413,0.066666667
lstm,50,1.00E-05,SGD,64,64,avg,20,4,2.656570435,0.066666667
lstm,50,1.00E-05,SGD,64,768,avg,20,4,8.510185719,0.066666667
lstm,100,0.001,SGD,768,768,max,10,4,10.88257599,0.066666667
lstm,100,0.0001,adam,768,64,max,10,4,1.165622473,0.066666667
lstm,100,0.0001,SGD,768,768,max,20,3,10.98172545,0.066666667
lstm,100,1.00E-05,SGD,64,64,avg,20,4,2.252500296,0.066666667
lstm,100,1.00E-05,SGD,64,768,avg,20,3,12.31222248,0.066666667
lstm,100,1.00E-05,SGD,768,768,avg,20,4,10.99690795,0.066666667
lstm,200,0.001,SGD,768,768,avg,20,3,20.04730916,0.066666667
lstm,200,0.0001,SGD,64,64,avg,20,3,2.473015308,0.066666667
lstm,200,0.0001,SGD,768,768,avg,20,3,19.92826557,0.066666667
lstm,200,1.00E-05,adam,768,64,max,20,3,1.028077602,0.066666667
lstm,200,1.00E-05,adam,768,768,max,20,3,19.91350532,0.066666667
lstm,200,1.00E-05,SGD,768,64,max,20,4,1.162955284,0.066666667
gru,30,0.0001,adam,768,64,avg,10,4,1.124335051,0.066666667
gru,30,0.0001,SGD,64,768,max,20,4,6.403952599,0.066666667
gru,30,0.0001,SGD,768,768,avg,20,4,5.157042265,0.066666667
gru,30,1.00E-05,adam,64,768,avg,10,4,6.807526588,0.066666667
gru,30,1.00E-05,SGD,768,768,max,10,4,5.64680171,0.066666667
gru,50,0.001,SGD,768,64,avg,20,4,0.896977901,0.066666667
gru,50,0.001,SGD,768,768,avg,10,3,6.23288703,0.066666667
gru,50,0.001,SGD,768,768,avg,20,3,6.22989583,0.066666667
gru,50,0.0001,adam,64,64,max,20,3,2.074522972,0.066666667
gru,50,0.0001,SGD,64,64,avg,10,4,2.191840649,0.066666667
gru,50,0.0001,SGD,64,768,max,20,4,6.773588419,0.066666667
gru,50,1.00E-05,adam,768,768,avg,20,3,6.373472214,0.066666667
gru,50,1.00E-05,adam,768,768,max,20,4,6.510724783,0.066666667
gru,50,1.00E-05,SGD,64,64,max,10,3,2.074038744,0.066666667
gru,100,0.001,SGD,64,64,max,10,3,2.360090733,0.066666667
gru,100,0.001,SGD,768,64,max,20,4,1.219842911,0.066666667
gru,100,0.0001,adam,768,64,max,20,4,1.232368708,0.066666667
gru,100,0.0001,SGD,64,768,avg,10,3,10.04195476,0.066666667
lstm,30,0.001,adam,768,64,avg,10,3,0.786067009,0.063888889
lstm,30,0.001,SGD,768,64,max,20,3,1.170023203,0.063888889
lstm,30,0.001,SGD,768,768,max,10,3,6.15341115,0.063888889
lstm,30,0.001,SGD,768,768,max,20,4,6.457818031,0.063888889
lstm,30,0.0001,adam,64,64,avg,20,4,2.590769768,0.063888889
lstm,30,0.0001,adam,64,64,max,20,4,2.4384408,0.063888889
lstm,30,0.0001,adam,768,64,max,20,3,1.12643218,0.063888889
lstm,30,0.0001,adam,768,64,max,20,4,1.127678394,0.063888889
lstm,30,0.0001,SGD,64,768,avg,10,4,7.07297492,0.063888889
lstm,30,0.0001,SGD,768,64,avg,20,3,1.026613712,0.063888889
lstm,30,0.0001,SGD,768,768,max,10,4,6.255605936,0.063888889
lstm,30,1.00E-05,adam,64,64,max,20,3,2.339843273,0.063888889
lstm,30,1.00E-05,adam,768,64,avg,20,3,1.062865734,0.063888889
lstm,30,1.00E-05,adam,768,64,max,10,4,1.343481779,0.063888889
lstm,30,1.00E-05,adam,768,64,max,20,4,0.943625689,0.063888889
lstm,30,1.00E-05,adam,768,768,avg,10,4,6.30336237,0.063888889
lstm,30,1.00E-05,SGD,64,64,avg,10,3,1.874819279,0.063888889
lstm,30,1.00E-05,SGD,64,64,max,10,3,2.775004148,0.063888889
lstm,30,1.00E-05,SGD,768,768,avg,20,3,6.168071747,0.063888889
lstm,50,0.001,SGD,64,64,max,10,4,2.417664051,0.063888889
lstm,50,0.001,SGD,768,64,max,20,4,1.108313799,0.063888889
lstm,50,0.001,SGD,768,768,avg,20,3,7.167921543,0.063888889
lstm,50,0.0001,adam,768,64,max,10,3,1.159003973,0.063888889
lstm,50,0.0001,adam,768,64,max,20,3,1.190038681,0.063888889
lstm,50,0.0001,SGD,64,768,avg,20,4,8.313256741,0.063888889
lstm,50,0.0001,SGD,768,64,avg,10,4,0.824710369,0.063888889
lstm,50,1.00E-05,adam,64,64,avg,10,4,2.640000343,0.063888889
lstm,50,1.00E-05,adam,64,64,avg,20,3,2.860494375,0.063888889
lstm,50,1.00E-05,adam,768,768,avg,20,4,7.384079933,0.063888889
lstm,50,1.00E-05,SGD,64,64,max,20,3,2.574155092,0.063888889
lstm,100,0.001,SGD,64,768,max,10,4,12.20994306,0.063888889
lstm,100,0.0001,SGD,64,64,max,10,4,2.56381917,0.063888889
lstm,100,0.0001,SGD,64,64,max,20,3,2.236887455,0.063888889
lstm,100,0.0001,SGD,64,768,avg,10,3,12.31020069,0.063888889
lstm,100,0.0001,SGD,64,768,max,20,4,12.52268934,0.063888889
lstm,100,0.0001,SGD,768,64,max,20,3,1.119029284,0.063888889
lstm,100,1.00E-05,adam,64,768,avg,10,4,13.06684399,0.063888889
lstm,100,1.00E-05,adam,64,768,max,10,4,13.03478837,0.063888889
lstm,100,1.00E-05,SGD,64,64,max,10,3,2.571234465,0.063888889
lstm,100,1.00E-05,SGD,768,64,max,10,3,1.380941868,0.063888889
lstm,200,0.001,SGD,64,64,avg,20,3,2.437065125,0.063888889
lstm,200,0.001,SGD,64,768,avg,20,4,21.17208576,0.063888889
lstm,200,0.001,SGD,64,768,max,10,4,21.25708222,0.063888889
lstm,200,0.001,SGD,64,768,max,20,4,21.37347507,0.063888889
lstm,200,0.001,SGD,768,64,avg,20,3,1.02568078,0.063888889
lstm,200,0.0001,SGD,64,768,avg,10,4,21.20725965,0.063888889
lstm,200,0.0001,SGD,768,768,avg,20,4,19.80908895,0.063888889
lstm,200,0.0001,SGD,768,768,max,20,4,19.87685204,0.063888889
lstm,200,1.00E-05,adam,64,64,max,10,3,2.337286711,0.063888889
lstm,200,1.00E-05,adam,64,64,max,10,4,2.489025354,0.063888889
lstm,200,1.00E-05,adam,768,64,avg,10,4,1.160122871,0.063888889
lstm,200,1.00E-05,adam,768,64,avg,20,3,1.093167305,0.063888889
lstm,200,1.00E-05,adam,768,768,avg,10,4,20.03077221,0.063888889
lstm,200,1.00E-05,SGD,64,768,max,20,4,21.47455502,0.063888889
lstm,200,1.00E-05,SGD,768,64,max,10,4,1.019871235,0.063888889
gru,30,0.001,adam,768,64,max,20,3,1.288752556,0.063888889
gru,30,0.001,adam,768,64,max,20,4,1.275115252,0.063888889
gru,30,0.001,SGD,64,64,avg,20,3,2.720705986,0.063888889
gru,30,0.001,SGD,768,64,max,10,4,0.962616682,0.063888889
gru,30,0.0001,adam,64,64,avg,10,4,1.8392663,0.063888889
gru,30,0.0001,adam,64,64,max,20,3,2.001998901,0.063888889
gru,30,0.0001,adam,768,64,max,20,3,1.351700544,0.063888889
gru,30,0.0001,SGD,64,64,avg,20,3,3.060590029,0.063888889
gru,30,0.0001,SGD,64,768,avg,10,4,6.619157553,0.063888889
gru,30,0.0001,SGD,768,64,avg,20,3,0.921260834,0.063888889
gru,30,1.00E-05,adam,64,64,max,10,4,2.490795612,0.063888889
gru,30,1.00E-05,adam,768,64,avg,10,3,0.935759306,0.063888889
gru,30,1.00E-05,adam,768,64,avg,20,4,0.946091652,0.063888889
gru,30,1.00E-05,adam,768,768,max,20,3,5.112003326,0.063888889
gru,30,1.00E-05,SGD,768,768,avg,10,4,5.349486351,0.063888889
gru,50,0.0001,adam,768,64,avg,10,3,0.797029972,0.063888889
gru,50,0.0001,adam,768,64,max,20,3,1.005326271,0.063888889
gru,50,0.0001,SGD,768,64,max,20,4,1.069041729,0.063888889
gru,50,1.00E-05,adam,64,64,avg,20,4,2.056612492,0.063888889
gru,50,1.00E-05,adam,64,64,max,10,3,2.158528566,0.063888889
gru,50,1.00E-05,adam,64,64,max,20,4,2.128029585,0.063888889
gru,50,1.00E-05,SGD,64,64,max,10,4,2.112766743,0.063888889
gru,50,1.00E-05,SGD,64,64,max,20,3,1.928094864,0.063888889
gru,50,1.00E-05,SGD,64,768,avg,10,4,6.940716267,0.063888889
gru,50,1.00E-05,SGD,768,64,avg,20,3,0.931962729,0.063888889
gru,100,0.001,SGD,768,768,avg,10,3,9.455367088,0.063888889
gru,100,0.0001,adam,768,64,max,10,3,1.236230135,0.063888889
gru,100,0.0001,SGD,768,64,avg,20,4,0.889110565,0.063888889
gru,100,1.00E-05,adam,64,64,avg,10,3,2.22130847,0.063888889
gru,100,1.00E-05,adam,64,768,max,10,3,10.62158012,0.063888889
lstm,30,0.001,SGD,64,64,max,10,4,2.236719131,0.061111111
lstm,30,0.001,SGD,64,64,max,20,3,2.376406908,0.061111111
lstm,30,0.001,SGD,768,64,avg,10,3,0.955493927,0.061111111
lstm,30,0.0001,SGD,64,64,avg,20,3,2.454205275,0.061111111
lstm,30,0.0001,SGD,64,64,avg,20,4,2.303610325,0.061111111
lstm,30,0.0001,SGD,64,64,max,20,4,2.287289619,0.061111111
lstm,30,0.0001,SGD,768,768,max,20,4,5.999551296,0.061111111
lstm,30,1.00E-05,SGD,64,64,avg,10,4,2.051281214,0.061111111
lstm,30,1.00E-05,SGD,64,64,avg,20,4,2.455522537,0.061111111
lstm,30,1.00E-05,SGD,64,768,max,20,3,7.502175808,0.061111111
lstm,30,1.00E-05,SGD,768,64,avg,20,3,1.010691166,0.061111111
lstm,30,1.00E-05,SGD,768,64,avg,20,4,1.110323906,0.061111111
lstm,30,1.00E-05,SGD,768,64,max,10,4,1.240949154,0.061111111
lstm,30,1.00E-05,SGD,768,64,max,20,3,1.112081528,0.061111111
lstm,50,0.001,adam,768,64,avg,10,4,0.824628353,0.061111111
lstm,50,0.001,SGD,64,768,avg,20,4,8.325345516,0.061111111
lstm,50,0.001,SGD,768,64,avg,20,3,1.075956583,0.061111111
lstm,50,0.001,SGD,768,64,avg,20,4,0.993446827,0.061111111
lstm,50,0.001,SGD,768,64,max,20,3,1.160625935,0.061111111
lstm,50,0.0001,adam,64,64,max,20,3,2.908576965,0.061111111
lstm,50,0.0001,SGD,64,64,max,10,4,2.47366333,0.061111111
lstm,50,0.0001,SGD,64,64,max,20,4,2.505244255,0.061111111
lstm,50,0.0001,SGD,64,768,avg,10,4,8.294075727,0.061111111
lstm,50,0.0001,SGD,768,64,avg,10,3,0.831375599,0.061111111
lstm,50,0.0001,SGD,768,64,avg,20,3,0.990893841,0.061111111
lstm,50,1.00E-05,SGD,64,64,avg,10,3,2.428520441,0.061111111
lstm,50,1.00E-05,SGD,64,64,max,20,4,2.539897442,0.061111111
lstm,50,1.00E-05,SGD,64,768,avg,10,4,8.627032995,0.061111111
lstm,50,1.00E-05,SGD,64,768,max,20,4,8.120994806,0.061111111
lstm,50,1.00E-05,SGD,768,64,avg,10,4,0.855875731,0.061111111
lstm,100,0.001,SGD,64,64,avg,10,4,2.537425518,0.061111111
lstm,100,0.001,SGD,64,64,avg,20,3,2.305771589,0.061111111
lstm,100,0.001,SGD,768,64,max,10,3,1.160109043,0.061111111
lstm,100,0.001,SGD,768,64,max,20,4,1.152203083,0.061111111
lstm,100,0.001,SGD,768,768,max,20,4,11.21629882,0.061111111
lstm,100,0.0001,adam,768,64,avg,20,4,1.110575199,0.061111111
lstm,100,0.0001,SGD,64,64,avg,10,4,2.335336924,0.061111111
lstm,100,0.0001,SGD,64,64,max,20,4,2.506982565,0.061111111
lstm,100,0.0001,SGD,768,64,avg,10,3,1.054325581,0.061111111
lstm,100,0.0001,SGD,768,64,avg,10,4,1.160386801,0.061111111
lstm,100,0.0001,SGD,768,64,avg,20,4,1.148353577,0.061111111
lstm,100,0.0001,SGD,768,768,avg,10,3,10.8157382,0.061111111
lstm,100,0.0001,SGD,768,768,avg,20,4,10.83043694,0.061111111
lstm,100,1.00E-05,adam,64,64,avg,10,4,2.534703016,0.061111111
lstm,100,1.00E-05,adam,768,64,max,10,3,1.159522295,0.061111111
lstm,100,1.00E-05,adam,768,768,avg,20,3,10.98196411,0.061111111
lstm,100,1.00E-05,adam,768,768,avg,20,4,11.08053136,0.061111111
lstm,100,1.00E-05,SGD,768,64,max,20,4,1.157408237,0.061111111
lstm,100,1.00E-05,SGD,768,768,max,10,3,10.8578167,0.061111111
lstm,200,0.001,SGD,64,64,max,10,3,2.37258172,0.061111111
lstm,200,0.001,SGD,768,64,avg,10,3,1.142060995,0.061111111
lstm,200,0.001,SGD,768,64,avg,20,4,1.059551716,0.061111111
lstm,200,0.0001,adam,768,64,avg,10,4,1.141833067,0.061111111
lstm,200,0.0001,adam,768,64,avg,20,3,1.065919638,0.061111111
lstm,200,0.0001,SGD,64,768,avg,20,3,21.44925189,0.061111111
lstm,200,0.0001,SGD,768,64,avg,10,3,1.211097717,0.061111111
lstm,200,0.0001,SGD,768,64,max,20,3,1.065294504,0.061111111
lstm,200,0.0001,SGD,768,64,max,20,4,1.060171604,0.061111111
lstm,200,1.00E-05,adam,64,64,max,20,3,2.488567829,0.061111111
lstm,200,1.00E-05,adam,64,64,max,20,4,2.431696415,0.061111111
lstm,200,1.00E-05,adam,64,768,avg,10,4,21.89725423,0.061111111
lstm,200,1.00E-05,adam,64,768,max,20,3,22.04598451,0.061111111
lstm,200,1.00E-05,adam,768,64,max,20,4,1.041823149,0.061111111
lstm,200,1.00E-05,SGD,64,64,avg,20,3,2.538109779,0.061111111
lstm,200,1.00E-05,SGD,64,64,avg,20,4,2.61968112,0.061111111
lstm,200,1.00E-05,SGD,64,64,max,20,3,2.43682766,0.061111111
lstm,200,1.00E-05,SGD,768,64,max,10,3,1.077309608,0.061111111
lstm,200,1.00E-05,SGD,768,768,max,20,3,20.11296916,0.061111111
gru,30,0.001,SGD,64,768,avg,10,4,6.633801937,0.061111111
gru,30,0.001,SGD,64,768,max,10,4,5.865190983,0.061111111
gru,30,0.001,SGD,768,64,avg,10,3,0.704153776,0.061111111
gru,30,0.0001,SGD,64,64,max,20,3,2.956883192,0.061111111
gru,30,0.0001,SGD,64,768,max,10,4,6.532106876,0.061111111
gru,30,0.0001,SGD,768,64,avg,20,4,0.972555637,0.061111111
gru,30,1.00E-05,adam,768,64,max,20,3,1.199448586,0.061111111
gru,30,1.00E-05,adam,768,64,max,20,4,1.226800919,0.061111111
gru,30,1.00E-05,adam,768,768,max,10,4,5.459049225,0.061111111
gru,30,1.00E-05,adam,768,768,max,20,4,5.325010061,0.061111111
gru,30,1.00E-05,SGD,64,64,avg,10,4,2.096181393,0.061111111
gru,30,1.00E-05,SGD,64,64,max,20,3,2.753110647,0.061111111
gru,30,1.00E-05,SGD,64,768,avg,10,3,6.689236641,0.061111111
gru,30,1.00E-05,SGD,64,768,avg,20,3,6.596847057,0.061111111
gru,30,1.00E-05,SGD,64,768,avg,20,4,6.584795237,0.061111111
gru,30,1.00E-05,SGD,64,768,max,10,4,6.255331755,0.061111111
gru,50,0.001,SGD,64,64,avg,20,4,2.480235338,0.061111111
gru,50,0.001,SGD,64,64,max,10,3,2.20192194,0.061111111
gru,50,0.001,SGD,64,768,max,20,3,6.760490656,0.061111111
gru,50,0.001,SGD,768,64,max,20,4,0.976982117,0.061111111
gru,50,0.0001,adam,64,64,avg,20,4,2.113476038,0.061111111
gru,50,0.0001,adam,64,64,max,10,3,2.139797449,0.061111111
gru,50,0.0001,adam,768,64,avg,20,4,0.899116278,0.061111111
gru,50,0.0001,adam,768,64,max,20,4,0.988032579,0.061111111
gru,50,0.0001,SGD,64,64,avg,10,3,2.244007349,0.061111111
gru,50,0.0001,SGD,768,64,avg,20,4,1.063167334,0.061111111
gru,50,0.0001,SGD,768,768,avg,10,4,6.40116334,0.061111111
gru,50,0.0001,SGD,768,768,max,10,4,6.391845942,0.061111111
gru,50,1.00E-05,adam,768,64,max,20,3,1.148063421,0.061111111
gru,50,1.00E-05,SGD,64,768,max,20,3,6.984469175,0.061111111
gru,100,0.001,adam,768,64,max,20,4,0.937688589,0.061111111
gru,100,0.001,SGD,64,64,avg,10,4,1.952565193,0.061111111
gru,100,0.001,SGD,64,64,avg,20,4,2.288744926,0.061111111
gru,100,0.001,SGD,64,768,avg,10,4,10.34074473,0.061111111
gru,100,0.001,SGD,64,768,max,20,3,10.49777555,0.061111111
gru,100,0.001,SGD,768,64,avg,20,3,1.209765673,0.061111111
gru,100,0.001,SGD,768,64,avg,20,4,1.181080341,0.061111111
gru,100,0.0001,adam,64,64,max,20,3,3.8481884,0.061111111
gru,100,0.0001,adam,768,64,avg,10,4,1.23436594,0.061111111
gru,100,0.0001,adam,768,64,max,10,4,1.167250633,0.061111111
gru,100,0.0001,SGD,64,768,avg,20,3,10.0844717,0.061111111
gru,100,0.0001,SGD,768,64,max,20,3,0.900223732,0.061111111
gru,100,0.0001,SGD,768,64,max,20,4,0.900052071,0.061111111
gru,100,1.00E-05,adam,64,64,max,10,4,2.167121649,0.061111111
lstm,30,0.001,SGD,64,64,avg,20,3,2.230960369,0.058333333
lstm,30,0.001,SGD,64,64,avg,20,4,2.430926561,0.058333333
lstm,30,0.001,SGD,64,64,max,20,4,2.189177513,0.058333333
lstm,30,0.0001,adam,64,64,max,20,3,2.405318499,0.058333333
lstm,30,0.0001,adam,768,64,avg,10,4,0.874377012,0.058333333
lstm,30,0.0001,SGD,64,64,avg,10,3,1.866630554,0.058333333
lstm,30,0.0001,SGD,768,64,max,10,4,1.097898006,0.058333333
lstm,30,1.00E-05,adam,768,64,avg,20,4,1.073253632,0.058333333
lstm,30,1.00E-05,SGD,64,64,max,20,4,2.707144737,0.058333333
lstm,50,0.001,adam,768,64,max,10,3,1.110436678,0.058333333
lstm,50,0.001,SGD,64,64,max,20,4,2.505164623,0.058333333
lstm,50,0.001,SGD,64,768,avg,10,4,8.254974842,0.058333333
lstm,50,0.001,SGD,768,768,avg,10,3,7.584998846,0.058333333
lstm,50,0.001,SGD,768,768,max,10,4,7.486450195,0.058333333
lstm,50,0.001,SGD,768,768,max,20,3,7.497255802,0.058333333
lstm,50,0.0001,adam,64,64,avg,10,4,2.774516106,0.058333333
lstm,50,0.0001,adam,768,64,max,20,4,1.295486927,0.058333333
lstm,50,0.0001,SGD,768,64,max,20,3,1.13112092,0.058333333
lstm,50,0.0001,SGD,768,768,avg,20,3,7.559529543,0.058333333
lstm,50,1.00E-05,SGD,64,64,avg,10,4,2.536819696,0.058333333
lstm,50,1.00E-05,SGD,768,64,avg,20,4,0.967492819,0.058333333
lstm,50,1.00E-05,SGD,768,64,max,20,4,1.076749802,0.058333333
lstm,100,0.001,SGD,64,64,avg,10,3,2.282685995,0.058333333
lstm,100,0.001,SGD,64,768,max,20,4,12.42076182,0.058333333
lstm,100,0.001,SGD,768,768,avg,20,3,10.88153958,0.058333333
lstm,100,0.001,SGD,768,768,avg,20,4,11.05356598,0.058333333
lstm,100,0.0001,adam,768,64,avg,10,3,0.907948494,0.058333333
lstm,100,0.0001,SGD,64,64,avg,10,3,2.167446613,0.058333333
lstm,100,0.0001,SGD,768,768,avg,20,3,10.94864964,0.058333333
lstm,100,1.00E-05,adam,768,64,avg,10,3,0.956976652,0.058333333
lstm,100,1.00E-05,adam,768,64,max,20,4,1.045414209,0.058333333
lstm,100,1.00E-05,adam,768,768,max,10,3,11.09141183,0.058333333
lstm,100,1.00E-05,SGD,64,64,max,20,4,2.337182522,0.058333333
lstm,100,1.00E-05,SGD,768,64,max,20,3,1.207933664,0.058333333
lstm,200,0.001,SGD,64,64,max,20,4,2.203626871,0.058333333
lstm,200,0.001,SGD,768,768,avg,10,3,19.85200191,0.058333333
lstm,200,0.0001,adam,64,64,avg,20,4,2.546304941,0.058333333
lstm,200,0.0001,adam,64,64,max,20,3,2.72485733,0.058333333
lstm,200,0.0001,adam,64,64,max,20,4,2.540930271,0.058333333
lstm,200,0.0001,SGD,768,64,avg,20,4,1.058529615,0.058333333
lstm,200,1.00E-05,adam,768,768,avg,20,4,19.92755961,0.058333333
lstm,200,1.00E-05,SGD,64,768,max,10,4,21.42822194,0.058333333
lstm,200,1.00E-05,SGD,768,768,avg,20,4,19.75541973,0.058333333
lstm,200,1.00E-05,SGD,768,768,max,10,4,19.88075519,0.058333333
gru,30,0.001,adam,768,64,max,10,4,1.138478994,0.058333333
gru,30,0.001,SGD,64,768,avg,20,3,7.205475569,0.058333333
gru,30,0.001,SGD,64,768,max,10,3,6.258878946,0.058333333
gru,30,0.001,SGD,64,768,max,20,4,5.535453081,0.058333333
gru,30,0.001,SGD,768,768,max,10,3,4.899674177,0.058333333
gru,30,0.001,SGD,768,768,max,10,4,4.879598379,0.058333333
gru,30,0.001,SGD,768,768,max,20,4,5.120145798,0.058333333
gru,30,0.0001,SGD,64,768,avg,10,3,6.989052296,0.058333333
gru,30,0.0001,SGD,64,768,avg,20,4,6.579581738,0.058333333
gru,30,0.0001,SGD,64,768,max,20,3,6.315507412,0.058333333
gru,30,0.0001,SGD,768,64,max,20,4,1.096851826,0.058333333
gru,30,1.00E-05,adam,768,64,avg,20,3,1.017794132,0.058333333
gru,30,1.00E-05,adam,768,768,avg,10,3,5.48741293,0.058333333
gru,30,1.00E-05,SGD,64,64,max,10,3,2.591172457,0.058333333
gru,30,1.00E-05,SGD,64,768,max,10,3,6.635465384,0.058333333
gru,30,1.00E-05,SGD,64,768,max,20,4,6.43444705,0.058333333
gru,30,1.00E-05,SGD,768,768,avg,20,4,5.388930798,0.058333333
gru,30,1.00E-05,SGD,768,768,max,20,4,5.301207542,0.058333333
gru,50,0.001,SGD,64,64,avg,20,3,2.215752363,0.058333333
gru,50,0.001,SGD,64,768,avg,10,4,6.712502241,0.058333333
gru,50,0.001,SGD,768,64,max,10,3,0.94823885,0.058333333
gru,50,0.001,SGD,768,768,max,10,3,6.359059572,0.058333333
gru,50,0.0001,SGD,64,768,max,10,4,6.775696516,0.058333333
gru,50,0.0001,SGD,768,64,avg,10,3,0.805979252,0.058333333
gru,50,0.0001,SGD,768,64,max,20,3,1.07796216,0.058333333
gru,50,1.00E-05,adam,64,64,avg,20,3,2.36363101,0.058333333
gru,50,1.00E-05,adam,64,768,avg,10,3,7.494165897,0.058333333
gru,50,1.00E-05,adam,768,768,avg,10,3,6.67514348,0.058333333
gru,50,1.00E-05,SGD,64,768,avg,10,3,7.010650158,0.058333333
gru,50,1.00E-05,SGD,64,768,max,10,3,9.727590322,0.058333333
gru,50,1.00E-05,SGD,768,64,max,20,3,0.964958906,0.058333333
gru,100,0.001,SGD,768,64,avg,10,4,1.237956762,0.058333333
gru,100,0.001,SGD,768,768,max,10,3,9.557923317,0.058333333
gru,100,0.0001,adam,64,64,avg,10,4,3.969580173,0.058333333
gru,100,0.0001,SGD,64,768,avg,20,4,9.977806568,0.058333333
gru,100,1.00E-05,adam,64,64,max,20,4,2.067692757,0.058333333
lstm,30,0.001,adam,768,64,avg,20,3,0.890669346,0.055555556
lstm,30,0.001,SGD,768,768,avg,10,4,6.274344206,0.055555556
lstm,30,0.001,SGD,768,768,avg,20,3,6.154829502,0.055555556
lstm,30,0.0001,SGD,64,768,max,20,3,7.023916721,0.055555556
lstm,30,0.0001,SGD,768,64,max,10,3,1.12420392,0.055555556
lstm,30,1.00E-05,adam,768,64,max,20,3,1.110732079,0.055555556
lstm,30,1.00E-05,SGD,768,768,avg,20,4,6.121040583,0.055555556
lstm,50,0.001,adam,768,64,avg,20,3,1.023103237,0.055555556
lstm,50,0.001,SGD,64,64,avg,20,3,2.753937006,0.055555556
lstm,50,0.001,SGD,768,64,avg,10,4,0.857371807,0.055555556
lstm,50,0.0001,adam,64,64,max,10,4,2.521667004,0.055555556
lstm,50,0.0001,adam,768,64,avg,10,4,1.0746696,0.055555556
lstm,50,0.0001,SGD,64,64,avg,10,3,2.272175074,0.055555556
lstm,50,0.0001,SGD,768,64,avg,20,4,1.0983603,0.055555556
lstm,50,0.0001,SGD,768,64,max,10,4,1.12218976,0.055555556
lstm,50,0.0001,SGD,768,64,max,20,4,1.155619383,0.055555556
lstm,50,0.0001,SGD,768,768,avg,10,4,7.389802217,0.055555556
lstm,50,0.0001,SGD,768,768,avg,20,4,7.82189393,0.055555556
lstm,50,0.0001,SGD,768,768,max,20,4,7.451376438,0.055555556
lstm,50,1.00E-05,adam,64,64,avg,10,3,2.362044811,0.055555556
lstm,50,1.00E-05,adam,64,64,max,10,3,2.778789043,0.055555556
lstm,50,1.00E-05,adam,64,64,max,10,4,2.457150459,0.055555556
lstm,50,1.00E-05,adam,64,768,avg,20,4,9.261852264,0.055555556
lstm,50,1.00E-05,adam,768,768,avg,20,3,7.332914829,0.055555556
lstm,50,1.00E-05,adam,768,768,max,20,4,7.584863901,0.055555556
lstm,50,1.00E-05,SGD,64,64,avg,20,3,2.708186626,0.055555556
lstm,50,1.00E-05,SGD,64,64,max,10,3,2.550385237,0.055555556
lstm,100,0.001,adam,768,64,avg,20,3,1.270374298,0.055555556
lstm,100,0.001,adam,768,64,max,20,4,1.300969124,0.055555556
lstm,100,0.001,SGD,768,64,avg,20,4,1.108925343,0.055555556
lstm,100,0.001,SGD,768,768,max,20,3,11.13955212,0.055555556
lstm,100,0.0001,adam,768,64,max,10,3,1.134494305,0.055555556
lstm,100,0.0001,SGD,64,768,max,10,4,12.28548837,0.055555556
lstm,100,1.00E-05,adam,64,64,avg,10,3,2.350160122,0.055555556
lstm,100,1.00E-05,adam,768,64,avg,10,4,0.934821606,0.055555556
lstm,100,1.00E-05,adam,768,64,avg,20,3,1.041775703,0.055555556
lstm,100,1.00E-05,adam,768,768,avg,10,4,10.95172787,0.055555556
lstm,100,1.00E-05,adam,768,768,max,20,3,10.98220897,0.055555556
lstm,100,1.00E-05,SGD,768,768,avg,20,3,10.82291865,0.055555556
lstm,200,0.001,SGD,768,768,avg,10,4,19.87790632,0.055555556
lstm,200,0.001,SGD,768,768,max,10,4,19.98926377,0.055555556
lstm,200,0.0001,adam,64,64,max,10,3,2.58970356,0.055555556
lstm,200,0.0001,adam,64,64,max,10,4,2.444381714,0.055555556
lstm,200,0.0001,SGD,64,768,max,10,4,21.31832981,0.055555556
lstm,200,0.0001,SGD,768,768,max,20,3,19.96724486,0.055555556
lstm,200,1.00E-05,adam,64,768,avg,20,3,21.90952587,0.055555556
lstm,200,1.00E-05,SGD,64,64,avg,10,3,1.984048128,0.055555556
lstm,200,1.00E-05,SGD,64,64,max,20,4,2.462665319,0.055555556
lstm,200,1.00E-05,SGD,64,768,avg,10,3,21.37436199,0.055555556
lstm,200,1.00E-05,SGD,64,768,avg,10,4,21.45953202,0.055555556
lstm,200,1.00E-05,SGD,768,768,max,20,4,20.23157692,0.055555556
gru,30,0.001,SGD,64,64,avg,20,4,2.842648268,0.055555556
gru,30,0.001,SGD,64,64,max,20,3,2.304023981,0.055555556
gru,30,0.0001,adam,768,64,max,10,4,1.288958311,0.055555556
gru,30,0.0001,SGD,768,64,avg,10,3,0.867791891,0.055555556
gru,30,0.0001,SGD,768,768,avg,10,3,5.155619144,0.055555556
gru,30,1.00E-05,adam,768,64,max,10,3,1.084616423,0.055555556
gru,30,1.00E-05,adam,768,768,avg,20,3,5.323593378,0.055555556
gru,30,1.00E-05,SGD,768,64,avg,20,4,1.002775192,0.055555556
gru,50,0.0001,SGD,64,768,avg,10,3,7.111707449,0.055555556
gru,50,0.0001,SGD,64,768,max,10,3,6.884568453,0.055555556
gru,50,1.00E-05,SGD,768,64,avg,10,3,0.851892233,0.055555556
gru,50,1.00E-05,SGD,768,64,max,10,4,0.948227882,0.055555556
gru,50,1.00E-05,SGD,768,768,avg,20,3,6.458706856,0.055555556
gru,50,1.00E-05,SGD,768,768,max,10,4,6.472442627,0.055555556
gru,100,0.001,SGD,64,64,avg,20,3,2.211858034,0.055555556
gru,100,0.001,SGD,768,768,avg,20,4,9.731729746,0.055555556
gru,100,0.0001,adam,64,64,avg,20,3,2.933133364,0.055555556
gru,100,0.0001,SGD,64,768,max,20,4,10.2969408,0.055555556
gru,100,1.00E-05,adam,768,64,avg,20,4,1.068042517,0.055555556
lstm,30,0.001,SGD,64,768,avg,10,4,7.207943439,0.052777778
lstm,30,0.001,SGD,64,768,max,20,4,7.141241074,0.052777778
lstm,30,0.001,SGD,768,64,max,20,4,1.665712833,0.052777778
lstm,30,0.0001,adam,768,64,max,10,4,1.161831617,0.052777778
lstm,30,0.0001,SGD,64,64,avg,10,4,2.06637001,0.052777778
lstm,30,0.0001,SGD,768,768,max,20,3,6.091957331,0.052777778
lstm,30,1.00E-05,adam,64,64,avg,20,4,2.372442245,0.052777778
lstm,30,1.00E-05,SGD,64,64,max,10,4,2.624693871,0.052777778
lstm,30,1.00E-05,SGD,768,64,max,20,4,1.158023834,0.052777778
lstm,30,1.00E-05,SGD,768,768,avg,10,4,6.172091961,0.052777778
lstm,30,1.00E-05,SGD,768,768,max,20,3,6.3613379,0.052777778
lstm,50,0.001,adam,768,64,avg,20,4,1.009224892,0.052777778
lstm,50,0.001,SGD,64,768,max,10,4,8.491945267,0.052777778
lstm,50,0.001,SGD,768,768,avg,10,4,7.467013359,0.052777778
lstm,50,0.001,SGD,768,768,avg,20,4,7.467703819,0.052777778
lstm,50,0.0001,SGD,64,64,max,20,3,2.083491564,0.052777778
lstm,50,1.00E-05,adam,768,768,avg,10,4,7.441413879,0.052777778
lstm,50,1.00E-05,adam,768,768,max,20,3,7.909154654,0.052777778
lstm,50,1.00E-05,SGD,64,768,max,10,4,8.344728231,0.052777778
lstm,50,1.00E-05,SGD,768,768,avg,20,3,8.272429943,0.052777778
lstm,50,1.00E-05,SGD,768,768,max,20,4,7.599372864,0.052777778
lstm,100,0.001,adam,768,64,max,10,3,1.182371378,0.052777778
lstm,100,0.001,SGD,64,768,max,10,3,12.2626338,0.052777778
lstm,100,0.001,SGD,768,768,avg,10,3,10.91999269,0.052777778
lstm,100,0.0001,adam,64,64,avg,10,4,2.575715303,0.052777778
lstm,100,0.0001,adam,768,64,avg,20,3,1.060183287,0.052777778
lstm,100,0.0001,SGD,768,768,max,20,4,11.06584167,0.052777778
lstm,100,1.00E-05,adam,64,64,max,10,3,2.857081652,0.052777778
lstm,100,1.00E-05,SGD,64,64,avg,10,4,2.44523263,0.052777778
lstm,100,1.00E-05,SGD,64,768,avg,20,4,12.52137327,0.052777778
lstm,100,1.00E-05,SGD,768,64,avg,10,4,0.98101759,0.052777778
lstm,100,1.00E-05,SGD,768,64,avg,20,4,1.436303139,0.052777778
lstm,100,1.00E-05,SGD,768,768,avg,10,3,10.85326195,0.052777778
lstm,100,1.00E-05,SGD,768,768,max,10,4,10.88904285,0.052777778
lstm,200,0.001,adam,768,64,avg,10,4,1.176709414,0.052777778
lstm,200,0.001,SGD,64,64,max,20,3,2.143194914,0.052777778
lstm,200,0.001,SGD,64,768,avg,20,3,21.06045508,0.052777778
lstm,200,0.001,SGD,768,64,max,20,3,0.99315834,0.052777778
lstm,200,0.001,SGD,768,768,max,20,3,19.94307399,0.052777778
lstm,200,0.001,SGD,768,768,max,20,4,19.87686586,0.052777778
lstm,200,0.0001,SGD,768,64,avg,10,4,1.107280493,0.052777778
lstm,200,0.0001,SGD,768,768,avg,10,3,20.01312613,0.052777778
lstm,200,1.00E-05,adam,64,768,max,10,3,22.01019549,0.052777778
lstm,200,1.00E-05,adam,768,64,avg,20,4,1.11020875,0.052777778
lstm,200,1.00E-05,adam,768,64,max,10,3,1.109663963,0.052777778
lstm,200,1.00E-05,adam,768,768,avg,20,3,19.89972711,0.052777778
lstm,200,1.00E-05,adam,768,768,max,10,3,19.88315678,0.052777778
lstm,200,1.00E-05,SGD,768,64,avg,10,4,1.156180143,0.052777778
gru,30,0.001,SGD,64,64,max,10,3,2.33097291,0.052777778
gru,30,0.001,SGD,64,768,max,20,3,5.668835402,0.052777778
gru,30,0.001,SGD,768,64,avg,10,4,0.761299372,0.052777778
gru,30,0.001,SGD,768,64,avg,20,4,0.871473074,0.052777778
gru,30,0.001,SGD,768,64,max,10,3,0.884094715,0.052777778
gru,30,0.001,SGD,768,768,avg,10,4,5.016719103,0.052777778
gru,30,0.0001,adam,64,64,avg,20,4,2.048435926,0.052777778
gru,30,0.0001,SGD,64,64,avg,10,3,1.619719982,0.052777778
gru,30,0.0001,SGD,768,768,max,10,4,5.031900406,0.052777778
gru,30,0.0001,SGD,768,768,max,20,3,5.413027287,0.052777778
gru,30,1.00E-05,adam,64,64,avg,20,3,4.198883295,0.052777778
gru,30,1.00E-05,adam,64,64,max,20,3,3.082310677,0.052777778
gru,30,1.00E-05,SGD,64,64,max,20,4,2.518610477,0.052777778
gru,30,1.00E-05,SGD,768,64,avg,10,3,1.004874468,0.052777778
gru,30,1.00E-05,SGD,768,64,max,20,4,1.075630426,0.052777778
gru,50,0.001,SGD,768,64,avg,10,3,0.771108627,0.052777778
gru,50,0.001,SGD,768,768,avg,10,4,6.092413425,0.052777778
gru,50,0.0001,adam,64,64,avg,10,4,1.952524662,0.052777778
gru,50,0.0001,adam,64,64,max,10,4,2.118918896,0.052777778
gru,50,0.0001,SGD,64,768,avg,20,3,6.647727013,0.052777778
gru,50,0.0001,SGD,64,768,avg,20,4,6.791419029,0.052777778
gru,50,0.0001,SGD,768,64,max,10,4,1.086161375,0.052777778
gru,50,0.0001,SGD,768,768,max,10,3,6.46397686,0.052777778
gru,50,0.0001,SGD,768,768,max,20,3,6.475645781,0.052777778
gru,50,1.00E-05,adam,64,64,avg,10,4,2.096034288,0.052777778
gru,50,1.00E-05,adam,768,768,avg,20,4,6.39216733,0.052777778
gru,50,1.00E-05,adam,768,768,max,10,4,6.312687159,0.052777778
gru,50,1.00E-05,SGD,64,64,avg,10,4,2.058150291,0.052777778
gru,50,1.00E-05,SGD,64,64,max,20,4,2.172965527,0.052777778
gru,50,1.00E-05,SGD,64,768,max,20,4,7.139657736,0.052777778
gru,50,1.00E-05,SGD,768,64,avg,10,4,0.761565208,0.052777778
gru,100,0.001,SGD,64,64,avg,10,3,2.045736551,0.052777778
gru,100,0.001,SGD,64,64,max,20,3,2.231062412,0.052777778
gru,100,0.001,SGD,768,64,max,10,3,1.210318565,0.052777778
gru,100,0.001,SGD,768,768,max,20,3,9.552868843,0.052777778
gru,100,0.0001,adam,768,64,avg,10,3,1.115744352,0.052777778
gru,100,0.0001,adam,768,64,max,20,3,1.277017117,0.052777778
gru,100,0.0001,SGD,64,64,max,10,4,2.834251165,0.052777778
gru,100,0.0001,SGD,64,768,max,10,4,9.781672001,0.052777778
gru,100,0.0001,SGD,768,768,avg,10,3,9.322649717,0.052777778
gru,100,0.0001,SGD,768,768,avg,10,4,8.982739449,0.052777778
gru,100,0.0001,SGD,768,768,avg,20,3,9.034285307,0.052777778
lstm,30,0.001,SGD,64,64,avg,10,4,1.983704329,0.05
lstm,30,0.001,SGD,768,64,max,10,4,1.209438086,0.05
lstm,30,0.0001,adam,64,64,max,10,4,2.539931536,0.05
lstm,30,0.0001,adam,768,64,avg,20,3,1.077638626,0.05
lstm,30,0.0001,SGD,64,64,max,20,3,2.506211042,0.05
lstm,30,0.0001,SGD,64,768,avg,10,3,7.246900797,0.05
lstm,30,0.0001,SGD,768,64,avg,20,4,0.97700119,0.05
lstm,30,0.0001,SGD,768,768,avg,10,3,6.441199303,0.05
lstm,30,1.00E-05,adam,64,64,avg,10,3,2.164877415,0.05
lstm,30,1.00E-05,adam,64,64,max,10,3,2.386096239,0.05
lstm,30,1.00E-05,adam,768,64,avg,10,4,0.97315073,0.05
lstm,30,1.00E-05,adam,768,768,max,10,4,6.442529678,0.05
lstm,30,1.00E-05,SGD,64,768,avg,10,3,7.581957817,0.05
lstm,30,1.00E-05,SGD,64,768,avg,20,3,7.15870595,0.05
lstm,30,1.00E-05,SGD,768,64,avg,10,4,0.892619371,0.05
lstm,50,0.001,adam,768,64,max,10,4,1.093517065,0.05
lstm,50,0.0001,SGD,64,768,avg,10,3,8.189959764,0.05
lstm,50,0.0001,SGD,64,768,max,20,3,8.801495552,0.05
lstm,50,1.00E-05,adam,64,64,avg,20,4,2.673286676,0.05
lstm,50,1.00E-05,SGD,64,768,max,10,3,8.327893019,0.05
lstm,50,1.00E-05,SGD,768,64,avg,10,3,0.839529276,0.05
lstm,50,1.00E-05,SGD,768,64,max,10,3,0.996326923,0.05
lstm,50,1.00E-05,SGD,768,64,max,10,4,1.058369875,0.05
lstm,50,1.00E-05,SGD,768,64,max,20,3,1.022988319,0.05
lstm,100,0.001,SGD,64,64,max,10,3,2.45479393,0.05
lstm,100,0.001,SGD,64,64,max,10,4,2.371549845,0.05
lstm,100,0.001,SGD,64,768,avg,20,3,12.20890212,0.05
lstm,100,0.001,SGD,64,768,max,20,3,12.4610455,0.05
lstm,100,0.001,SGD,768,64,avg,10,4,1.058778524,0.05
lstm,100,0.001,SGD,768,64,max,10,4,1.167659521,0.05
lstm,100,0.001,SGD,768,768,avg,10,4,10.83184648,0.05
lstm,100,0.0001,adam,768,64,avg,10,4,1.057547092,0.05
lstm,100,0.0001,adam,768,64,max,20,4,1.126645565,0.05
lstm,100,0.0001,SGD,64,64,avg,20,3,2.527623653,0.05
lstm,100,0.0001,SGD,64,64,avg,20,4,3.256165504,0.05
lstm,100,0.0001,SGD,768,64,avg,20,3,1.228803635,0.05
lstm,100,0.0001,SGD,768,768,avg,10,4,10.84582448,0.05
lstm,100,1.00E-05,adam,768,64,avg,20,4,1.126980782,0.05
lstm,100,1.00E-05,SGD,64,64,max,10,4,2.370061874,0.05
lstm,100,1.00E-05,SGD,64,768,avg,10,3,12.54575396,0.05
lstm,100,1.00E-05,SGD,64,768,max,10,3,12.24724483,0.05
lstm,100,1.00E-05,SGD,768,64,avg,20,3,1.06097126,0.05
lstm,100,1.00E-05,SGD,768,768,avg,10,4,10.84324789,0.05
lstm,100,1.00E-05,SGD,768,768,max,20,3,10.84699845,0.05
lstm,200,0.001,SGD,64,64,avg,20,4,2.321171522,0.05
lstm,200,0.001,SGD,64,768,avg,10,4,20.98751259,0.05
lstm,200,0.001,SGD,768,768,avg,20,4,20.04820943,0.05
lstm,200,0.0001,adam,768,64,max,10,4,1.110091448,0.05
lstm,200,0.0001,SGD,64,64,avg,10,3,2.247284651,0.05
lstm,200,0.0001,SGD,64,64,max,10,3,2.28134203,0.05
lstm,200,0.0001,SGD,64,64,max,20,3,2.152933121,0.05
lstm,200,0.0001,SGD,768,64,max,10,3,0.991009712,0.05
lstm,200,1.00E-05,adam,64,64,avg,20,4,2.40512991,0.05
lstm,200,1.00E-05,adam,768,768,avg,10,3,20.01557851,0.05
lstm,200,1.00E-05,SGD,64,64,max,10,3,2.402026892,0.05
lstm,200,1.00E-05,SGD,64,768,avg,20,4,21.23789811,0.05
lstm,200,1.00E-05,SGD,768,64,avg,10,3,1.268306732,0.05
lstm,200,1.00E-05,SGD,768,768,avg,10,4,20.89805603,0.05
lstm,200,1.00E-05,SGD,768,768,avg,20,3,20.04832029,0.05
gru,30,0.001,SGD,64,64,avg,10,4,2.376002789,0.05
gru,30,0.001,SGD,64,64,max,20,4,2.572947264,0.05
gru,30,0.001,SGD,768,64,avg,20,3,0.823723793,0.05
gru,30,0.001,SGD,768,64,max,20,4,0.966100693,0.05
gru,30,0.001,SGD,768,768,avg,20,3,5.129588842,0.05
gru,30,0.0001,adam,64,64,max,20,4,1.982508659,0.05
gru,30,0.0001,adam,768,64,avg,20,4,1.272809029,0.05
gru,30,0.0001,SGD,64,64,avg,20,4,3.404442787,0.05
gru,30,0.0001,SGD,768,64,max,10,4,1.067887306,0.05
gru,30,0.0001,SGD,768,768,avg,20,3,5.149206877,0.05
gru,30,1.00E-05,adam,768,768,avg,20,4,5.152561903,0.05
gru,30,1.00E-05,SGD,64,64,avg,20,4,2.537754059,0.05
gru,30,1.00E-05,SGD,768,64,avg,20,3,1.144359827,0.05
gru,30,1.00E-05,SGD,768,64,max,10,3,1.108366013,0.05
gru,30,1.00E-05,SGD,768,64,max,10,4,1.255995035,0.05
gru,30,1.00E-05,SGD,768,64,max,20,3,1.207450628,0.05
gru,30,1.00E-05,SGD,768,768,max,10,3,5.126434326,0.05
gru,50,0.001,SGD,768,64,avg,20,3,0.822717428,0.05
gru,50,0.0001,adam,768,64,max,10,3,0.991237879,0.05
gru,50,0.0001,adam,768,64,max,10,4,0.920513391,0.05
gru,50,0.0001,SGD,64,64,avg,20,4,2.021688223,0.05
gru,50,0.0001,SGD,64,64,max,10,3,2.24881196,0.05
gru,50,0.0001,SGD,768,64,avg,10,4,0.819339991,0.05
gru,50,0.0001,SGD,768,768,max,20,4,6.560910463,0.05
gru,50,1.00E-05,adam,768,64,avg,20,3,0.961569309,0.05
gru,50,1.00E-05,adam,768,64,avg,20,4,0.969248295,0.05
gru,50,1.00E-05,adam,768,64,max,10,4,1.141602993,0.05
gru,50,1.00E-05,adam,768,64,max,20,4,1.132910967,0.05
gru,50,1.00E-05,SGD,64,64,avg,10,3,1.825429201,0.05
gru,50,1.00E-05,SGD,768,768,avg,10,3,6.586073637,0.05
gru,50,1.00E-05,SGD,768,768,avg,10,4,6.242380619,0.05
gru,50,1.00E-05,SGD,768,768,max,10,3,6.413992643,0.05
gru,100,0.001,adam,768,64,max,20,3,0.932987928,0.05
gru,100,0.001,SGD,64,768,max,10,3,10.32241225,0.05
gru,100,0.001,SGD,768,64,max,10,4,1.275514126,0.05
gru,100,0.001,SGD,768,64,max,20,3,1.200622082,0.05
gru,100,0.0001,adam,64,64,max,10,4,2.798521519,0.05
gru,100,0.0001,adam,768,64,avg,20,3,1.385259151,0.05
gru,100,0.0001,SGD,64,64,avg,10,3,1.772516251,0.05
gru,100,0.0001,SGD,64,64,max,10,3,2.895905972,0.05
gru,100,0.0001,SGD,64,64,max,20,4,2.066028118,0.05
gru,100,0.0001,SGD,64,768,max,20,3,10.13119102,0.05
gru,100,0.0001,SGD,768,64,avg,10,4,0.862477779,0.05
gru,100,1.00E-05,adam,64,64,max,10,3,2.188792467,0.05
gru,100,1.00E-05,adam,768,64,avg,20,3,1.026504755,0.05
lstm,30,0.001,adam,768,64,avg,20,4,0.873844147,0.047222222
lstm,30,0.001,SGD,64,64,max,10,3,1.828011513,0.047222222
lstm,30,0.001,SGD,64,768,max,20,3,7.230195045,0.047222222
lstm,30,0.0001,adam,64,64,avg,10,3,2.420524836,0.047222222
lstm,30,0.0001,adam,64,64,avg,10,4,2.472547531,0.047222222
lstm,30,0.0001,adam,768,64,avg,10,3,0.886580229,0.047222222
lstm,30,0.0001,SGD,768,64,max,20,3,1.196373463,0.047222222
lstm,30,0.0001,SGD,768,768,avg,10,4,6.224306583,0.047222222
lstm,30,1.00E-05,SGD,64,768,avg,10,4,7.244436026,0.047222222
lstm,30,1.00E-05,SGD,64,768,avg,20,4,7.332988024,0.047222222
lstm,30,1.00E-05,SGD,64,768,max,20,4,7.197612047,0.047222222
lstm,30,1.00E-05,SGD,768,768,max,20,4,6.240887403,0.047222222
lstm,50,0.001,SGD,64,64,avg,10,3,2.388062477,0.047222222
lstm,50,0.001,SGD,64,64,avg,10,4,2.72838521,0.047222222
lstm,50,0.001,SGD,768,768,max,20,4,7.350041628,0.047222222
lstm,50,0.0001,adam,64,64,max,10,3,2.600079536,0.047222222
lstm,50,0.0001,adam,768,64,avg,10,3,1.101539373,0.047222222
lstm,50,0.0001,SGD,768,768,max,10,4,7.31983757,0.047222222
lstm,50,1.00E-05,adam,768,64,avg,20,3,0.990390062,0.047222222
lstm,50,1.00E-05,adam,768,64,max,10,3,1.121034861,0.047222222
lstm,50,1.00E-05,adam,768,768,max,10,4,7.349624634,0.047222222
lstm,50,1.00E-05,SGD,64,768,avg,10,3,8.393509626,0.047222222
lstm,50,1.00E-05,SGD,64,768,avg,20,3,8.509276628,0.047222222
lstm,50,1.00E-05,SGD,768,64,avg,20,3,0.967043638,0.047222222
lstm,100,0.001,SGD,64,64,max,20,3,2.412608862,0.047222222
lstm,100,0.001,SGD,64,64,max,20,4,2.355178595,0.047222222
lstm,100,0.001,SGD,64,768,avg,10,3,12.495296,0.047222222
lstm,100,0.001,SGD,768,64,avg,10,3,1.065429926,0.047222222
lstm,100,0.0001,adam,64,64,avg,20,4,2.746047735,0.047222222
lstm,100,1.00E-05,adam,64,64,avg,20,3,2.484823465,0.047222222
lstm,100,1.00E-05,adam,64,64,max,20,3,2.842967272,0.047222222
lstm,100,1.00E-05,adam,768,768,max,20,4,11.06830025,0.047222222
lstm,100,1.00E-05,SGD,64,768,max,20,3,12.25111508,0.047222222
lstm,100,1.00E-05,SGD,64,768,max,20,4,12.36164141,0.047222222
lstm,100,1.00E-05,SGD,768,768,max,20,4,10.94800162,0.047222222
lstm,200,0.001,SGD,64,64,avg,10,3,2.197529316,0.047222222
lstm,200,0.001,SGD,64,64,avg,10,4,2.270514011,0.047222222
lstm,200,0.001,SGD,64,768,max,20,3,21.22135735,0.047222222
lstm,200,0.001,SGD,768,64,max,20,4,1.06923008,0.047222222
lstm,200,0.0001,adam,768,64,avg,10,3,1.10985136,0.047222222
lstm,200,0.0001,SGD,64,64,max,20,4,2.235852242,0.047222222
lstm,200,0.0001,SGD,64,768,avg,10,3,21.07268286,0.047222222
lstm,200,0.0001,SGD,64,768,max,10,3,21.3264854,0.047222222
lstm,200,0.0001,SGD,64,768,max,20,3,21.34039402,0.047222222
lstm,200,0.0001,SGD,64,768,max,20,4,21.35835171,0.047222222
lstm,200,0.0001,SGD,768,768,max,10,4,19.85963249,0.047222222
lstm,200,1.00E-05,adam,64,64,avg,10,4,2.530200958,0.047222222
lstm,200,1.00E-05,adam,768,64,max,10,4,1.081439972,0.047222222
lstm,200,1.00E-05,SGD,64,64,avg,10,4,2.284518719,0.047222222
lstm,200,1.00E-05,SGD,64,768,avg,20,3,21.24208689,0.047222222
gru,30,0.001,SGD,64,768,avg,10,3,6.191373587,0.047222222
gru,30,0.001,SGD,64,768,avg,20,4,7.317367792,0.047222222
gru,30,0.001,SGD,768,768,max,20,3,5.248015404,0.047222222
gru,30,0.0001,adam,768,64,avg,20,3,1.153398275,0.047222222
gru,30,0.0001,SGD,64,64,avg,10,4,2.437280416,0.047222222
gru,30,0.0001,SGD,64,64,max,10,4,2.65094161,0.047222222
gru,30,0.0001,SGD,768,64,max,10,3,1.024159908,0.047222222
gru,30,0.0001,SGD,768,768,avg,10,4,5.0514884,0.047222222
gru,30,0.0001,SGD,768,768,max,20,4,5.142968655,0.047222222
gru,30,1.00E-05,adam,64,64,avg,20,4,4.166392803,0.047222222
gru,30,1.00E-05,adam,768,64,avg,10,4,0.967740059,0.047222222
gru,30,1.00E-05,adam,768,768,avg,10,4,5.302483797,0.047222222
gru,30,1.00E-05,SGD,64,64,max,10,4,2.576015472,0.047222222
gru,50,0.001,SGD,64,768,avg,20,3,6.678685188,0.047222222
gru,50,0.0001,adam,768,64,avg,20,3,0.900085211,0.047222222
gru,50,0.0001,SGD,64,64,avg,20,3,2.349566936,0.047222222
gru,50,0.0001,SGD,64,64,max,10,4,2.057426929,0.047222222
gru,50,0.0001,SGD,64,768,avg,10,4,6.844128847,0.047222222
gru,50,0.0001,SGD,64,768,max,20,3,6.624068022,0.047222222
gru,50,0.0001,SGD,768,768,avg,20,4,6.448642731,0.047222222
gru,50,1.00E-05,adam,64,64,max,20,3,2.219841003,0.047222222
gru,50,1.00E-05,adam,768,64,avg,10,3,0.803684235,0.047222222
gru,50,1.00E-05,SGD,64,768,max,10,4,8.466572285,0.047222222
gru,50,1.00E-05,SGD,768,64,max,20,4,0.950042963,0.047222222
gru,100,0.001,SGD,64,768,avg,20,4,10.342906,0.047222222
gru,100,0.0001,adam,64,64,avg,20,4,3.016153336,0.047222222
gru,100,0.0001,SGD,768,64,avg,20,3,0.886876822,0.047222222
gru,100,0.0001,SGD,768,64,max,10,3,0.90408349,0.047222222
gru,100,1.00E-05,adam,64,64,avg,10,4,2.912888765,0.047222222
gru,100,1.00E-05,adam,64,64,avg,20,3,2.52486825,0.047222222
gru,100,1.00E-05,adam,768,64,avg,10,4,0.913038731,0.047222222
lstm,30,0.001,SGD,64,768,max,10,4,7.172376394,0.044444444
lstm,30,0.001,SGD,768,64,avg,20,4,1.02328968,0.044444444
lstm,30,0.001,SGD,768,768,max,10,4,6.203408957,0.044444444
lstm,30,0.0001,SGD,768,64,avg,10,3,0.823154449,0.044444444
lstm,30,0.0001,SGD,768,768,max,10,3,6.508829355,0.044444444
lstm,30,1.00E-05,adam,768,768,max,20,4,6.323427916,0.044444444
lstm,50,0.001,SGD,64,64,max,20,3,2.303709507,0.044444444
lstm,50,0.001,SGD,64,768,max,20,3,8.560698986,0.044444444
lstm,50,0.0001,adam,768,64,avg,20,3,1.200653315,0.044444444
lstm,50,1.00E-05,adam,768,64,avg,10,4,1.078110218,0.044444444
lstm,50,1.00E-05,adam,768,64,max,20,3,1.145549536,0.044444444
lstm,50,1.00E-05,SGD,768,768,max,10,4,7.984201431,0.044444444
lstm,50,1.00E-05,SGD,768,768,max,20,3,7.461036205,0.044444444
lstm,100,0.001,SGD,64,64,avg,20,4,2.484427452,0.044444444
lstm,100,0.001,SGD,768,64,avg,20,3,1.107963562,0.044444444
lstm,100,0.0001,SGD,64,64,max,10,3,2.496882677,0.044444444
lstm,100,0.0001,SGD,64,768,max,10,3,12.39609146,0.044444444
lstm,100,0.0001,SGD,768,64,max,20,4,1.211496115,0.044444444
lstm,100,1.00E-05,SGD,64,64,avg,10,3,2.343304396,0.044444444
lstm,200,0.001,adam,768,64,avg,10,3,1.103317499,0.044444444
lstm,200,0.001,adam,768,64,avg,20,4,1.043504477,0.044444444
lstm,200,0.001,SGD,64,768,avg,10,3,21.05327225,0.044444444
lstm,200,0.0001,adam,768,64,max,20,3,1.156764746,0.044444444
lstm,200,0.0001,SGD,64,64,avg,20,4,2.315799952,0.044444444
lstm,200,1.00E-05,adam,64,64,avg,20,3,2.521800756,0.044444444
lstm,200,1.00E-05,adam,768,64,avg,10,3,1.211177588,0.044444444
lstm,200,1.00E-05,SGD,768,64,max,20,3,1.042580843,0.044444444
gru,30,0.001,SGD,768,64,max,20,3,0.944651842,0.044444444
gru,30,0.001,SGD,768,768,avg,10,3,5.20839262,0.044444444
gru,30,0.001,SGD,768,768,avg,20,4,5.023840904,0.044444444
gru,30,0.0001,adam,64,64,max,10,4,1.833435059,0.044444444
gru,30,0.0001,adam,768,64,avg,10,3,1.025871038,0.044444444
gru,30,0.0001,adam,768,64,max,10,3,1.403340578,0.044444444
gru,30,0.0001,SGD,768,64,avg,10,4,0.91318059,0.044444444
gru,30,1.00E-05,SGD,768,768,avg,20,3,5.097267151,0.044444444
gru,50,0.001,SGD,64,64,max,10,4,2.24272871,0.044444444
gru,50,0.001,SGD,64,768,max,10,4,7.353315592,0.044444444
gru,50,0.001,SGD,768,64,max,20,3,1.016242504,0.044444444
gru,50,0.0001,SGD,768,64,max,10,3,1.055812597,0.044444444
gru,50,1.00E-05,adam,768,768,avg,10,4,6.515452623,0.044444444
gru,50,1.00E-05,SGD,64,64,avg,20,3,2.093380213,0.044444444
gru,100,0.001,SGD,768,768,avg,10,4,9.64898181,0.044444444
gru,100,0.0001,adam,768,64,avg,20,4,1.382891417,0.044444444
gru,100,0.0001,SGD,64,64,avg,10,4,2.203376293,0.044444444
gru,100,0.0001,SGD,64,768,avg,10,4,10.12523556,0.044444444
gru,100,1.00E-05,adam,64,64,avg,20,4,2.072434425,0.044444444
lstm,30,0.001,adam,768,64,max,20,3,0.907802582,0.041666667
lstm,30,0.001,SGD,768,64,avg,20,3,1.033568144,0.041666667
lstm,30,0.0001,adam,64,64,max,10,3,2.536747694,0.041666667
lstm,30,0.0001,adam,768,64,max,10,3,1.059590101,0.041666667
lstm,30,1.00E-05,adam,64,64,max,20,4,2.488651037,0.041666667
lstm,30,1.00E-05,SGD,64,64,avg,20,3,2.440395355,0.041666667
lstm,50,0.001,adam,768,64,max,20,3,1.056880951,0.041666667
lstm,50,0.001,SGD,64,768,avg,10,3,8.391014576,0.041666667
lstm,50,0.0001,SGD,64,64,max,10,3,2.21952486,0.041666667
lstm,50,0.0001,SGD,64,768,avg,20,3,8.311681032,0.041666667
lstm,50,0.0001,SGD,768,768,max,10,3,7.499566793,0.041666667
lstm,50,1.00E-05,adam,64,768,avg,10,3,9.480643749,0.041666667
lstm,50,1.00E-05,SGD,768,768,avg,20,4,8.484269381,0.041666667
lstm,100,0.0001,adam,64,64,avg,10,3,2.51748085,0.041666667
lstm,100,0.0001,SGD,64,768,avg,20,3,12.46236372,0.041666667
lstm,100,0.0001,SGD,64,768,avg,20,4,12.07598591,0.041666667
lstm,100,0.0001,SGD,768,768,max,10,4,10.80064845,0.041666667
lstm,100,1.00E-05,SGD,64,768,avg,10,4,12.68056655,0.041666667
lstm,200,0.001,adam,768,64,max,20,3,1.083548784,0.041666667
lstm,200,0.0001,adam,64,64,avg,10,4,2.657530546,0.041666667
lstm,200,0.0001,adam,768,64,max,10,3,1.042273283,0.041666667
lstm,200,0.0001,SGD,64,64,max,10,4,2.387761354,0.041666667
lstm,200,0.0001,SGD,768,768,avg,10,4,19.89803672,0.041666667
lstm,200,1.00E-05,adam,768,768,max,10,4,19.89499736,0.041666667
lstm,200,1.00E-05,SGD,768,768,avg,10,3,20.20202494,0.041666667
gru,30,1.00E-05,adam,64,64,avg,10,4,2.348620176,0.041666667
gru,50,0.001,SGD,768,64,avg,10,4,0.720592976,0.041666667
gru,50,0.001,SGD,768,768,max,20,3,6.253413439,0.041666667
gru,50,0.0001,adam,768,64,avg,10,4,0.811173916,0.041666667
gru,50,0.0001,SGD,768,768,avg,20,3,6.446563005,0.041666667
gru,100,0.001,SGD,768,768,avg,20,3,9.682152033,0.041666667
gru,100,0.0001,SGD,768,768,max,10,3,9.451305628,0.041666667
lstm,30,0.001,adam,768,64,max,10,4,0.939855099,0.038888889
lstm,30,0.001,SGD,64,768,avg,10,3,6.886674643,0.038888889
lstm,30,0.0001,SGD,64,768,avg,20,3,7.349125147,0.038888889
lstm,30,1.00E-05,adam,768,64,avg,10,3,1.140728951,0.038888889
lstm,30,1.00E-05,SGD,768,768,max,10,3,6.205798626,0.038888889
lstm,50,0.0001,adam,64,64,avg,20,4,2.523594379,0.038888889
lstm,50,0.0001,SGD,64,768,max,20,4,8.162647009,0.038888889
lstm,50,1.00E-05,SGD,64,768,max,20,3,8.31061101,0.038888889
lstm,100,0.001,adam,768,64,max,20,3,1.190001488,0.038888889
lstm,100,0.001,SGD,64,768,avg,20,4,12.32716417,0.038888889
lstm,100,0.0001,SGD,64,768,max,20,3,12.47653723,0.038888889
lstm,100,0.0001,SGD,768,64,max,10,4,1.024670362,0.038888889
lstm,100,1.00E-05,adam,64,768,avg,20,4,12.95158529,0.038888889
lstm,200,0.0001,adam,64,64,avg,10,3,2.136120796,0.038888889
gru,30,0.0001,SGD,64,64,max,20,4,3.019148827,0.038888889
gru,30,1.00E-05,adam,768,768,max,10,3,5.221001148,0.038888889
gru,30,1.00E-05,SGD,768,64,avg,10,4,1.07299304,0.038888889
gru,30,1.00E-05,SGD,768,768,max,20,3,5.49501133,0.038888889
gru,50,0.001,adam,768,64,max,20,4,1.385826349,0.038888889
gru,50,0.0001,adam,64,64,avg,10,3,1.942211151,0.038888889
gru,50,0.0001,SGD,768,64,avg,20,3,0.906877756,0.038888889
gru,50,1.00E-05,SGD,768,768,max,20,3,6.381206989,0.038888889
gru,100,0.001,SGD,64,64,max,20,4,2.201203108,0.038888889
gru,100,0.001,SGD,768,768,max,10,4,9.514091253,0.038888889
gru,100,0.0001,SGD,768,768,avg,20,4,9.335007668,0.038888889
gru,100,1.00E-05,adam,768,64,avg,10,3,0.90272069,0.038888889
lstm,30,0.001,adam,768,64,avg,10,4,0.689783335,0.036111111
lstm,30,0.001,adam,768,64,max,10,3,0.804364204,0.036111111
lstm,30,0.001,SGD,64,64,avg,10,3,1.816725969,0.036111111
lstm,30,0.001,SGD,64,768,max,10,3,7.506867886,0.036111111
lstm,30,0.001,SGD,768,64,max,10,3,1.223249912,0.036111111
lstm,30,0.001,SGD,768,768,max,20,3,6.28621769,0.036111111
lstm,30,0.0001,adam,64,64,avg,20,3,2.834314108,0.036111111
lstm,30,0.0001,SGD,64,768,avg,20,4,7.284235954,0.036111111
lstm,30,0.0001,SGD,64,768,max,10,4,7.466314554,0.036111111
lstm,30,0.0001,SGD,64,768,max,20,4,7.333380938,0.036111111
lstm,30,1.00E-05,SGD,64,64,max,20,3,2.551172495,0.036111111
lstm,30,1.00E-05,SGD,64,768,max,10,4,7.520369291,0.036111111
lstm,30,1.00E-05,SGD,768,768,max,10,4,6.154881954,0.036111111
lstm,50,0.001,adam,768,64,max,20,4,1.147628784,0.036111111
lstm,50,0.0001,adam,64,64,avg,10,3,2.740213633,0.036111111
lstm,50,0.0001,SGD,64,64,avg,10,4,2.848163605,0.036111111
lstm,50,1.00E-05,adam,768,64,avg,20,4,1.093019247,0.036111111
lstm,50,1.00E-05,adam,768,768,avg,10,3,7.698570728,0.036111111
lstm,100,0.001,adam,768,64,max,10,4,1.10877347,0.036111111
lstm,100,0.0001,adam,64,64,avg,20,3,2.75902915,0.036111111
lstm,100,0.0001,adam,64,64,max,10,3,2.849567175,0.036111111
lstm,100,0.0001,adam,64,64,max,20,4,2.556723118,0.036111111
lstm,100,0.0001,SGD,64,768,avg,10,4,12.73458385,0.036111111
lstm,100,1.00E-05,adam,64,64,max,20,4,3.024504423,0.036111111
lstm,100,1.00E-05,adam,768,768,avg,10,3,11.03768349,0.036111111
lstm,100,1.00E-05,adam,768,768,max,10,4,11.03175116,0.036111111
lstm,100,1.00E-05,SGD,64,768,max,10,4,12.47561193,0.036111111
lstm,100,1.00E-05,SGD,768,64,max,10,4,1.257793427,0.036111111
lstm,200,0.001,adam,768,64,avg,20,3,1.174471617,0.036111111
lstm,200,0.0001,adam,768,64,avg,20,4,1.060873032,0.036111111
lstm,200,0.0001,SGD,768,64,avg,20,3,1.076114893,0.036111111
lstm,200,1.00E-05,SGD,64,64,max,10,4,2.462668896,0.036111111
gru,30,0.001,SGD,64,64,max,10,4,2.402857065,0.036111111
gru,50,0.001,SGD,64,64,max,20,4,2.133315325,0.036111111
gru,50,1.00E-05,SGD,768,768,max,20,4,6.585534573,0.036111111
gru,100,0.001,SGD,64,768,avg,10,3,10.33317733,0.036111111
gru,100,0.0001,SGD,768,64,max,10,4,0.941463232,0.036111111
lstm,50,0.001,SGD,64,768,max,10,3,8.325214148,0.033333333
lstm,50,1.00E-05,SGD,768,768,max,10,3,8.090308428,0.033333333
lstm,100,1.00E-05,SGD,64,64,avg,20,3,2.397933722,0.033333333
lstm,200,1.00E-05,SGD,64,768,max,20,3,21.40823412,0.033333333
gru,30,1.00E-05,adam,64,64,avg,10,3,2.298649073,0.033333333
gru,30,1.00E-05,SGD,64,768,max,20,3,6.514875174,0.033333333
gru,50,0.001,SGD,64,768,max,10,3,7.189978361,0.033333333
gru,50,0.001,SGD,64,768,max,20,4,6.763215303,0.033333333
gru,100,0.001,SGD,64,768,avg,20,3,10.33545399,0.033333333
lstm,50,0.0001,SGD,64,64,avg,20,4,2.696124792,0.030555556
lstm,50,1.00E-05,adam,64,64,max,20,4,2.854674339,0.030555556
lstm,100,0.001,SGD,64,768,avg,10,4,12.32600021,0.030555556
lstm,200,0.001,adam,768,64,max,20,4,1.285573006,0.030555556
gru,100,0.0001,adam,64,64,avg,10,3,4.39545393,0.030555556
gru,100,1.00E-05,adam,64,64,max,20,3,2.288035393,0.030555556
gru,50,0.001,SGD,64,768,avg,20,4,6.881301641,0.027777778
gru,50,1.00E-05,adam,768,64,max,10,3,1.028137684,0.027777778
gru,100,0.0001,SGD,64,768,max,10,3,10.02619123,0.027777778
gru,50,0.001,SGD,64,64,avg,10,3,1.959538937,0.025
gru,50,1.00E-05,adam,64,64,avg,10,3,1.950991869,0.025
