model,lr,hidden_size,batch_size,pooling_style,num_layers,acc,time
fast_text,0.001,64,64,avg,1,0.8899082568807339,26.343998156095807
fast_text,0.001,64,64,avg,2,0.8836530442035029,17.136649081581517
fast_text,0.001,64,64,avg,3,0.8878231859883235,25.068458757902448
fast_text,0.001,64,64,avg,4,0.8882402001668057,15.798995369359067
fast_text,0.001,64,64,max,1,0.8678065054211843,36.85198332134046
fast_text,0.001,64,64,max,2,0.8561301084236864,24.114784441496198
fast_text,0.001,64,64,max,3,0.8648874061718098,28.95405417994449
fast_text,0.001,64,64,max,4,0.8669724770642202,19.78748723080284
fast_text,0.001,64,128,avg,1,0.8790658882402002,55.31436518618935
fast_text,0.001,64,128,avg,2,0.8811509591326105,26.3214111328125
fast_text,0.001,64,128,avg,3,0.8798999165971643,26.3189014635588
fast_text,0.001,64,128,avg,4,0.8807339449541285,31.677045320209704
fast_text,0.001,64,128,max,1,0.8440366972477065,21.177843997353
fast_text,0.001,64,128,max,2,0.8419516263552961,44.17017886513158
fast_text,0.001,64,128,max,3,0.8482068390325271,13.179528085809006
fast_text,0.001,64,128,max,4,0.8619683069224353,39.6753612317537
fast_text,0.001,128,64,avg,1,0.8869891576313594,21.377990120335628
fast_text,0.001,128,64,avg,2,0.8899082568807339,32.92874286049291
fast_text,0.001,128,64,avg,3,0.8861551292743953,21.11572968332391
fast_text,0.001,128,64,avg,4,0.8911592994161801,21.073065306011
fast_text,0.001,128,64,max,1,0.8849040867389492,31.68018240677683
fast_text,0.001,128,64,max,2,0.8836530442035029,21.07933947914525
fast_text,0.001,128,64,max,3,0.8757297748123436,40.87561055233604
fast_text,0.001,128,64,max,4,0.8757297748123436,18.432893251117907
fast_text,0.001,128,128,avg,1,0.8849040867389492,34.433916995399876
fast_text,0.001,128,128,avg,2,0.8857381150959133,40.01165691174959
fast_text,0.001,128,128,avg,3,0.8886572143452878,26.96765096564042
fast_text,0.001,128,128,avg,4,0.8874061718098415,21.379872372275905
fast_text,0.001,128,128,max,1,0.8611342785654712,26.306353117290296
fast_text,0.001,128,128,max,2,0.8732276897414513,15.809661463687295
fast_text,0.001,128,128,max,3,0.8744787322768974,31.900405883789062
fast_text,0.001,128,128,max,4,0.8648874061718098,26.347762659976357
fast_text,0.0001,64,64,avg,1,0.7143452877397831,29.083302146510075
fast_text,0.0001,64,64,avg,2,0.7301918265221018,7.89667430676912
fast_text,0.0001,64,64,avg,3,0.7460383653044204,28.93585907785516
fast_text,0.0001,64,64,avg,4,0.7247706422018348,22.758935627184417
fast_text,0.0001,64,64,max,1,0.7147623019182652,15.792721196224814
fast_text,0.0001,64,64,max,2,0.7297748123436196,14.495222192061576
fast_text,0.0001,64,64,max,3,0.7085070892410342,36.9203718085038
fast_text,0.0001,64,64,max,4,0.7477064220183486,32.67212917930201
fast_text,0.0001,64,128,avg,1,0.6805671392827356,39.492155376233555
fast_text,0.0001,64,128,avg,2,0.7343619683069225,10.514259338378906
fast_text,0.0001,64,128,avg,3,0.6868223519599667,37.36270101446854
fast_text,0.0001,64,128,avg,4,0.6905754795663053,23.769077501798932
fast_text,0.0001,64,128,max,1,0.7268557130942452,15.79083894428454
fast_text,0.0001,64,128,max,2,0.7197664720600501,39.50470372250206
fast_text,0.0001,64,128,max,3,0.6718098415346122,15.79585828279194
fast_text,0.0001,64,128,max,4,0.6684737281067556,33.214217738101354
fast_text,0.0001,128,64,avg,1,0.8144286905754796,22.44334471853156
fast_text,0.0001,128,64,avg,2,0.8098415346121768,26.333959479081003
fast_text,0.0001,128,64,avg,3,0.8077564637197665,12.4937609622353
fast_text,0.0001,128,64,avg,4,0.8027522935779816,29.33803357576069
fast_text,0.0001,128,64,max,1,0.7589658048373644,25.038970144171465
fast_text,0.0001,128,64,max,2,0.7902418682235196,10.536218944348787
fast_text,0.0001,128,64,max,3,0.7831526271893244,19.999554282740544
fast_text,0.0001,128,64,max,4,0.7889908256880734,25.025794380589534
fast_text,0.0001,128,128,avg,1,0.7572977481234362,28.999228226511104
fast_text,0.0001,128,128,avg,2,0.7456213511259383,28.977896037854645
fast_text,0.0001,128,128,avg,3,0.768557130942452,21.05737987317537
fast_text,0.0001,128,128,avg,4,0.744370308590492,37.62998078998766
fast_text,0.0001,128,128,max,1,0.6705587989991659,31.579168219315378
fast_text,0.0001,128,128,max,2,0.7506255212677231,47.6912448280736
fast_text,0.0001,128,128,max,3,0.7631359466221852,31.62308743125514
fast_text,0.0001,128,128,max,4,0.7798165137614679,42.11099524247019
lstm,0.001,64,64,avg,1,0.8798999165971643,43.70024329737613
lstm,0.001,64,64,avg,2,0.859466221851543,72.4943060623972
lstm,0.001,64,64,avg,3,0.8703085904920768,84.7013373123972
lstm,0.001,64,64,avg,4,0.8657214345287739,55.956213097823294
lstm,0.001,64,64,max,1,0.8807339449541285,51.69667695697985
lstm,0.001,64,64,max,2,0.8740617180984154,51.456376125938014
lstm,0.001,64,64,max,3,0.8661384487072561,49.88093125192743
lstm,0.001,64,64,max,4,0.8690575479566305,46.70870931524979
lstm,0.001,64,128,avg,1,0.8623853211009175,55.82884738319799
lstm,0.001,64,128,avg,2,0.8790658882402002,55.281739485891244
lstm,0.001,64,128,avg,3,0.8678065054211843,71.34111304032176
lstm,0.001,64,128,avg,4,0.8653044203502919,52.674193131296256
lstm,0.001,64,128,max,1,0.8765638031693077,52.70807366622122
lstm,0.001,64,128,max,2,0.8769808173477899,68.43115154065583
lstm,0.001,64,128,max,3,0.871976647206005,28.964092856959294
lstm,0.001,64,128,max,4,0.8511259382819016,95.39754767166941
lstm,0.001,128,64,avg,1,0.8819849874895747,56.79067812467876
lstm,0.001,128,64,avg,2,0.8786488740617181,66.39894686247173
lstm,0.001,128,64,avg,3,0.878231859883236,58.17601555272152
lstm,0.001,128,64,avg,4,0.8828190158465388,94.45704911884509
lstm,0.001,128,64,max,1,0.8840700583819849,65.78156822606137
lstm,0.001,128,64,max,2,0.8836530442035029,63.3038972553454
lstm,0.001,128,64,max,3,0.8698915763135947,81.70604705810547
lstm,0.001,128,64,max,4,0.8686405337781484,46.088193592272304
lstm,0.001,128,128,avg,1,0.8857381150959133,82.46145750346936
lstm,0.001,128,128,avg,2,0.872393661384487,55.116101315147
lstm,0.001,128,128,avg,3,0.8836530442035029,58.02355314555921
lstm,0.001,128,128,avg,4,0.8786488740617181,81.09619742945621
lstm,0.001,128,128,max,1,0.8828190158465388,54.23771707635177
lstm,0.001,128,128,max,2,0.8815679733110926,73.48437058298211
lstm,0.001,128,128,max,3,0.8611342785654712,65.93654030247738
lstm,0.001,128,128,max,4,0.8644703919933278,81.71608573512027
lstm,0.0001,64,64,avg,1,0.8073394495412844,90.18747430098684
lstm,0.0001,64,64,avg,2,0.8181818181818182,63.27629089355469
lstm,0.0001,64,64,avg,3,0.7643869891576314,60.39268092105263
lstm,0.0001,64,64,avg,4,0.664720600500417,69.58183489347759
lstm,0.0001,64,64,max,1,0.8348623853211009,51.38986989071495
lstm,0.0001,64,64,max,2,0.8244370308590492,73.17066192626953
lstm,0.0001,64,64,max,3,0.7768974145120934,82.09630062705592
lstm,0.0001,64,64,max,4,0.6655546288573811,84.75090328015779
lstm,0.0001,64,128,avg,1,0.6997497914929107,63.234881350868626
lstm,0.0001,64,128,avg,2,0.6659716430358632,52.18857213070518
lstm,0.0001,64,128,avg,3,0.664720600500417,98.44554098028885
lstm,0.0001,64,128,avg,4,0.664720600500417,71.1579071848016
lstm,0.0001,64,128,max,1,0.7819015846538783,50.07794028834293
lstm,0.0001,64,128,max,2,0.76814011676397,90.82743996068051
lstm,0.0001,64,128,max,3,0.664720600500417,29.452223526804072
lstm,0.0001,64,128,max,4,0.664720600500417,65.82235035143401
lstm,0.0001,128,64,avg,1,0.8457047539616347,56.867223036916634
lstm,0.0001,128,64,avg,2,0.8502919099249374,59.19619610435084
lstm,0.0001,128,64,avg,3,0.8407005838198499,74.37844025461297
lstm,0.0001,128,64,avg,4,0.8336113427856547,80.054057271857
lstm,0.0001,128,64,max,1,0.8678065054211843,64.061817369963
lstm,0.0001,128,64,max,2,0.8544620517097581,62.08921733655428
lstm,0.0001,128,64,max,3,0.8311092577147623,50.52779850206877
lstm,0.0001,128,64,max,4,0.8127606338615513,79.21143581992702
lstm,0.0001,128,128,avg,1,0.8340283569641368,72.49054155851665
lstm,0.0001,128,128,avg,2,0.8340283569641368,72.02248824270148
lstm,0.0001,128,128,avg,3,0.8190158465387823,58.071236861379525
lstm,0.0001,128,128,avg,4,0.664720600500417,74.36275482177734
lstm,0.0001,128,128,max,1,0.8381984987489575,60.628589830900495
lstm,0.0001,128,128,max,2,0.8273561301084237,67.04330444335938
lstm,0.0001,128,128,max,3,0.7919099249374478,47.41643604479338
lstm,0.0001,128,128,max,4,0.664720600500417,42.80366395649157
gru,0.001,64,64,avg,1,0.8753127606338615,42.19193207590204
gru,0.001,64,64,avg,2,0.8807339449541285,44.748657628109584
gru,0.001,64,64,avg,3,0.8786488740617181,72.56520421881424
gru,0.001,64,64,avg,4,0.8703085904920768,48.758481678209804
gru,0.001,64,64,max,1,0.8757297748123436,65.87944532695569
gru,0.001,64,64,max,2,0.8761467889908257,71.81857761583831
gru,0.001,64,64,max,3,0.8678065054211843,74.29499375192742
gru,0.001,64,64,max,4,0.8686405337781484,68.6520024349815
gru,0.001,64,128,avg,1,0.8711426188490409,104.81382671155427
gru,0.001,64,128,avg,2,0.8757297748123436,76.45456414473684
gru,0.001,64,128,avg,3,0.8698915763135947,73.73910201223273
gru,0.001,64,128,avg,4,0.8690575479566305,94.86298812063117
gru,0.001,64,128,max,1,0.8894912427022519,99.14950320595189
gru,0.001,64,128,max,2,0.8694745621351125,85.76418224133943
gru,0.001,64,128,max,3,0.8619683069224353,76.37174505936473
gru,0.001,64,128,max,4,0.853628023352794,84.17932610762746
gru,0.001,128,64,avg,1,0.8703085904920768,65.95348056993987
gru,0.001,128,64,avg,2,0.8761467889908257,54.537622552169
gru,0.001,128,64,avg,3,0.8757297748123436,80.71221803364001
gru,0.001,128,64,avg,4,0.8786488740617181,102.2514544035259
gru,0.001,128,64,max,1,0.8786488740617181,75.53790744982268
gru,0.001,128,64,max,2,0.877814845704754,74.32510978297184
gru,0.001,128,64,max,3,0.8661384487072561,69.38043393586811
gru,0.001,128,64,max,4,0.8615512927439533,73.69957472148694
gru,0.001,128,128,avg,1,0.8828190158465388,58.657244632118626
gru,0.001,128,128,avg,2,0.8803169307756463,81.6520891691509
gru,0.001,128,128,avg,3,0.8728106755629691,71.34362270957546
gru,0.001,128,128,avg,4,0.8853211009174312,103.45484081067536
gru,0.001,128,128,max,1,0.8869891576313594,85.42286722283615
gru,0.001,128,128,max,2,0.8844870725604671,85.56842803955078
gru,0.001,128,128,max,3,0.8744787322768974,94.973413567794
gru,0.001,128,128,max,4,0.8661384487072561,79.3482127942537
gru,0.0001,64,64,avg,1,0.8261050875729775,80.63002636558132
gru,0.0001,64,64,avg,2,0.8457047539616347,76.06682024504009
gru,0.0001,64,64,avg,3,0.835696413678065,66.79798427381013
gru,0.0001,64,64,avg,4,0.8261050875729775,76.5110317029451
gru,0.0001,64,64,max,1,0.8390325271059216,77.75770990472091
gru,0.0001,64,64,max,2,0.8202668890742285,75.58998308683697
gru,0.0001,64,64,max,3,0.7960800667222686,81.88297874049137
gru,0.0001,64,64,max,4,0.76814011676397,72.48991414120323
gru,0.0001,64,128,avg,1,0.7552126772310258,79.09850070351048
gru,0.0001,64,128,avg,2,0.8052543786488741,76.45079964085629
gru,0.0001,64,128,avg,3,0.8090075062552127,85.0828070389597
gru,0.0001,64,128,avg,4,0.7793994995829858,97.55209872597142
gru,0.0001,64,128,max,1,0.7981651376146789,71.49420286479749
gru,0.0001,64,128,max,2,0.8069224353628023,86.9801169947574
gru,0.0001,64,128,max,3,0.6676396997497915,65.9892433568051
gru,0.0001,64,128,max,4,0.664720600500417,96.26087389494243
gru,0.0001,128,64,avg,1,0.8507089241034195,59.64981882195724
gru,0.0001,128,64,avg,2,0.8682235195996664,66.41400487799393
gru,0.0001,128,64,avg,3,0.8552960800667223,113.9621985586066
gru,0.0001,128,64,avg,4,0.8544620517097581,76.45519156205027
gru,0.0001,128,64,max,1,0.8761467889908257,73.49378184268349
gru,0.0001,128,64,max,2,0.8657214345287739,71.15037817704051
gru,0.0001,128,64,max,3,0.8498748957464554,71.20057156211452
gru,0.0001,128,64,max,4,0.8402835696413679,107.85240876047234
gru,0.0001,128,128,avg,1,0.8319432860717264,82.16908103541324
gru,0.0001,128,128,avg,2,0.8465387823185988,81.70730189273232
gru,0.0001,128,128,avg,3,0.8511259382819016,96.40643471165707
gru,0.0001,128,128,avg,4,0.8398665554628857,105.59684351870888
gru,0.0001,128,128,max,1,0.8569641367806505,73.7905502319336
gru,0.0001,128,128,max,2,0.8603002502085071,60.933514645225124
gru,0.0001,128,128,max,3,0.8427856547122602,79.15747793097245
gru,0.0001,128,128,max,4,0.7969140950792327,89.52868612189042
rnn,0.001,64,64,avg,1,0.8769808173477899,83.12651985570004
rnn,0.001,64,64,avg,2,0.8715596330275229,74.98578021400853
rnn,0.001,64,64,avg,3,0.8673894912427023,84.35876745926707
rnn,0.001,64,64,avg,4,0.8673894912427023,66.12664774844521
rnn,0.001,64,64,max,1,0.8849040867389492,78.97238982351203
rnn,0.001,64,64,max,2,0.8744787322768974,86.86028028789319
rnn,0.001,64,64,max,3,0.871976647206005,75.69350694355212
rnn,0.001,64,64,max,4,0.8740617180984154,73.76482612208316
rnn,0.001,64,128,avg,1,0.8807339449541285,63.43941939504523
rnn,0.001,64,128,avg,2,0.8698915763135947,70.71118605764289
rnn,0.001,64,128,avg,3,0.8715596330275229,81.77004362407483
rnn,0.001,64,128,avg,4,0.8703085904920768,84.33869010523746
rnn,0.001,64,128,max,1,0.8828190158465388,60.6587058619449
rnn,0.001,64,128,max,2,0.8803169307756463,63.420596875642474
rnn,0.001,64,128,max,3,0.872393661384487,86.86341737446033
rnn,0.001,64,128,max,4,0.8703085904920768,74.6061927393863
rnn,0.001,128,64,avg,1,0.8869891576313594,54.063922480532995
rnn,0.001,128,64,avg,2,0.878231859883236,81.9162318581029
rnn,0.001,128,64,avg,3,0.8236030025020851,68.56290917647512
rnn,0.001,128,64,avg,4,0.8640533778148457,72.4121143943385
rnn,0.001,128,64,max,1,0.8815679733110926,61.89597280401932
rnn,0.001,128,64,max,2,0.8769808173477899,52.886260183233965
rnn,0.001,128,64,max,3,0.8661384487072561,57.990300027947676
rnn,0.001,128,64,max,4,0.8640533778148457,84.9058753565738
rnn,0.001,128,128,avg,1,0.8757297748123436,52.82602812114515
rnn,0.001,128,128,avg,2,0.8690575479566305,73.8281952707391
rnn,0.001,128,128,avg,3,0.8707256046705588,67.12486869410465
rnn,0.001,128,128,avg,4,0.859883236030025,73.72529883133738
rnn,0.001,128,128,max,1,0.8861551292743953,50.109311154014186
rnn,0.001,128,128,max,2,0.8815679733110926,86.9700783177426
rnn,0.001,128,128,max,3,0.8765638031693077,71.24072627017372
rnn,0.001,128,128,max,4,0.8744787322768974,58.49035162674753
rnn,0.0001,64,64,avg,1,0.8331943286071727,61.884679292377676
rnn,0.0001,64,64,avg,2,0.8348623853211009,74.80194694117496
rnn,0.0001,64,64,avg,3,0.8365304420350292,63.165865446391855
rnn,0.0001,64,64,avg,4,0.8361134278565471,62.15007681595652
rnn,0.0001,64,64,max,1,0.8452877397831526,63.3038972553454
rnn,0.0001,64,64,max,2,0.841117597998332,67.163768567537
rnn,0.0001,64,64,max,3,0.8369474562135113,81.72361474288137
rnn,0.0001,64,64,max,4,0.8323603002502085,62.473196732370475
rnn,0.0001,64,128,avg,1,0.7985821517931609,57.96206624884354
rnn,0.0001,64,128,avg,2,0.8060884070058382,81.47892199064556
rnn,0.0001,64,128,avg,3,0.8144286905754796,74.33389362535979
rnn,0.0001,64,128,avg,4,0.8160967472894078,52.99417596114309
rnn,0.0001,64,128,max,1,0.8115095913261051,58.14401726973684
rnn,0.0001,64,128,max,2,0.8090075062552127,68.53404798005757
rnn,0.0001,64,128,max,3,0.8144286905754796,71.44024497584293
rnn,0.0001,64,128,max,4,0.8148457047539617,79.03073963366057
rnn,0.0001,128,64,avg,1,0.854045037531276,35.769061038368626
rnn,0.0001,128,64,avg,2,0.8573811509591326,54.137330306203744
rnn,0.0001,128,64,avg,3,0.8432026688907422,50.10680148476049
rnn,0.0001,128,64,avg,4,0.8511259382819016,59.28779903211092
rnn,0.0001,128,64,max,1,0.8703085904920768,51.35598935578999
rnn,0.0001,128,64,max,2,0.8703085904920768,72.4516416850843
rnn,0.0001,128,64,max,3,0.8603002502085071,63.826535877428554
rnn,0.0001,128,64,max,4,0.8565471226021685,52.704309162340664
rnn,0.0001,128,128,avg,1,0.8482068390325271,61.91103081954153
rnn,0.0001,128,128,avg,2,0.8369474562135113,69.25808755975021
rnn,0.0001,128,128,avg,3,0.8477898248540451,63.285074735942636
rnn,0.0001,128,128,avg,4,0.8427856547122602,73.15058457223992
rnn,0.0001,128,128,max,1,0.8569641367806505,73.89846600984272
rnn,0.0001,128,128,max,2,0.8548790658882403,63.21229432758532
rnn,0.0001,128,128,max,3,0.8632193494578816,89.49857009084602
rnn,0.0001,128,128,max,4,0.8482068390325271,63.41683237176193
cnn,0.001,64,64,avg,1,0.8819849874895747,45.60508226093493
cnn,0.001,64,64,avg,2,0.8765638031693077,42.16181604485763
cnn,0.001,64,64,avg,3,0.8748957464553795,52.98288244950144
cnn,0.001,64,64,avg,4,0.8840700583819849,46.11329028480932
cnn,0.001,64,64,max,1,0.8894912427022519,40.3385413320441
cnn,0.001,64,64,max,2,0.8911592994161801,69.83907599198191
cnn,0.001,64,64,max,3,0.890742285237698,26.429326910721628
cnn,0.001,64,64,max,4,0.8894912427022519,43.45680537976717
cnn,0.001,64,128,avg,1,0.8803169307756463,51.5009227551912
cnn,0.001,64,128,avg,2,0.8794829024186822,96.42400239643298
cnn,0.001,64,128,avg,3,0.8861551292743953,47.87696035284745
cnn,0.001,64,128,avg,4,0.8790658882402002,59.85310203150699
cnn,0.001,64,128,max,1,0.8990825688073395,52.76203155517578
cnn,0.001,64,128,max,2,0.9011676396997498,50.252362301475124
cnn,0.001,64,128,max,3,0.8978315262718932,55.402203610068874
cnn,0.001,64,128,max,4,0.8978315262718932,42.14738544664885
cnn,0.001,128,64,avg,1,0.8824020016680567,80.91801091244346
cnn,0.001,128,64,avg,2,0.8803169307756463,61.417253393875924
cnn,0.001,128,64,avg,3,0.8857381150959133,54.48805658440841
cnn,0.001,128,64,avg,4,0.8798999165971643,55.60172231573807
cnn,0.001,128,64,max,1,0.8928273561301084,51.29701212832802
cnn,0.001,128,64,max,2,0.890325271059216,64.95274995502673
cnn,0.001,128,64,max,3,0.8899082568807339,57.95265498914217
cnn,0.001,128,64,max,4,0.8936613844870726,44.773126903333164
cnn,0.001,128,128,avg,1,0.8828190158465388,47.42020054867393
cnn,0.001,128,128,avg,2,0.8824020016680567,47.397613525390625
cnn,0.001,128,128,avg,3,0.8869891576313594,52.736934862638776
cnn,0.001,128,128,avg,4,0.8803169307756463,47.968563280607526
cnn,0.001,128,128,max,1,0.8936613844870726,31.611793919613486
cnn,0.001,128,128,max,2,0.8936613844870726,55.833866721705384
cnn,0.001,128,128,max,3,0.8990825688073395,184.38038073087992
cnn,0.001,128,128,max,4,0.8944954128440367,29.0017378957648
cnn,0.0001,64,64,avg,1,0.8398665554628857,45.91251674451326
cnn,0.0001,64,64,avg,2,0.8423686405337781,57.61259480526573
cnn,0.0001,64,64,avg,3,0.8469557964970809,58.28957808645148
cnn,0.0001,64,64,avg,4,0.835279399499583,46.1603465833162
cnn,0.0001,64,64,max,1,0.8811509591326105,36.983740957159746
cnn,0.0001,64,64,max,2,0.8824020016680567,59.59774318494295
cnn,0.0001,64,64,max,3,0.8744787322768974,54.17811243157638
cnn,0.0001,64,64,max,4,0.8773978315262719,31.603637494538958
cnn,0.0001,64,128,avg,1,0.8315262718932444,40.07690831234581
cnn,0.0001,64,128,avg,2,0.8198498748957465,36.95237009148849
cnn,0.0001,64,128,avg,3,0.816930775646372,49.890969928942226
cnn,0.0001,64,128,avg,4,0.8311092577147623,57.944498564067636
cnn,0.0001,64,128,max,1,0.8636363636363636,68.60180904990749
cnn,0.0001,64,128,max,2,0.8444537114261885,36.88962836014597
cnn,0.0001,64,128,max,3,0.8569641367806505,29.491123400236432
cnn,0.0001,64,128,max,4,0.8586321934945789,34.17165655838816
cnn,0.0001,128,64,avg,1,0.859466221851543,71.18614096390574
cnn,0.0001,128,64,avg,2,0.8636363636363636,35.564522994192025
cnn,0.0001,128,64,avg,3,0.8686405337781484,48.959882635819284
cnn,0.0001,128,64,avg,4,0.8607172643869891,39.92821040906404
cnn,0.0001,128,64,max,1,0.8940783986655546,42.17687406037983
cnn,0.0001,128,64,max,2,0.8974145120934112,46.834820195248255
cnn,0.0001,128,64,max,3,0.8886572143452878,48.15365138806795
cnn,0.0001,128,64,max,4,0.8994995829858216,45.19224166870117
cnn,0.0001,128,128,avg,1,0.8482068390325271,42.127308092619245
cnn,0.0001,128,128,avg,2,0.8573811509591326,26.341488486842106
cnn,0.0001,128,128,avg,3,0.8569641367806505,50.11433049252159
cnn,0.0001,128,128,avg,4,0.8611342785654712,34.3347850598787
cnn,0.0001,128,128,max,1,0.896580483736447,52.977863110994036
cnn,0.0001,128,128,max,2,0.8890742285237698,72.64865072149979
cnn,0.0001,128,128,max,3,0.8790658882402002,31.550307022897822
cnn,0.0001,128,128,max,4,0.8886572143452878,79.24280668559827
gated_cnn,0.001,64,64,avg,1,0.896580483736447,82.91006088256836
gated_cnn,0.001,64,64,avg,2,0.8957464553794829,72.4892867238898
gated_cnn,0.001,64,64,avg,3,0.8874061718098415,60.7634845532869
gated_cnn,0.001,64,64,avg,4,0.8861551292743953,81.21477930169357
gated_cnn,0.001,64,64,max,1,0.8819849874895747,74.57168478714793
gated_cnn,0.001,64,64,max,2,0.8915763135946623,52.829792625025696
gated_cnn,0.001,64,64,max,3,0.8849040867389492,55.54399992290296
gated_cnn,0.001,64,64,max,4,0.890325271059216,70.2180360492907
gated_cnn,0.001,64,128,avg,1,0.8911592994161801,60.61227698075144
gated_cnn,0.001,64,128,avg,2,0.8857381150959133,55.32189419395045
gated_cnn,0.001,64,128,avg,3,0.896163469557965,66.59407364694695
gated_cnn,0.001,64,128,avg,4,0.896580483736447,65.92148228695518
gated_cnn,0.001,64,128,max,1,0.8882402001668057,65.91771778307464
gated_cnn,0.001,64,128,max,2,0.8874061718098415,52.625254580849095
gated_cnn,0.001,64,128,max,3,0.890325271059216,63.172139619526114
gated_cnn,0.001,64,128,max,4,0.890742285237698,65.8273696899414
gated_cnn,0.001,128,64,avg,1,0.8886572143452878,51.69353987041273
gated_cnn,0.001,128,64,avg,2,0.8928273561301084,80.10299582230418
gated_cnn,0.001,128,64,avg,3,0.8940783986655546,63.194726642809414
gated_cnn,0.001,128,64,avg,4,0.8911592994161801,67.62303804096423
gated_cnn,0.001,128,64,max,1,0.8928273561301084,67.4925352397718
gated_cnn,0.001,128,64,max,2,0.8924103419516264,55.294287832159746
gated_cnn,0.001,128,64,max,3,0.8990825688073395,60.323665016575866
gated_cnn,0.001,128,64,max,4,0.8978315262718932,63.52223848041735
gated_cnn,0.001,128,128,avg,1,0.8949124270225187,66.21636842426501
gated_cnn,0.001,128,128,avg,2,0.8924103419516264,60.04760139866879
gated_cnn,0.001,128,128,avg,3,0.8949124270225187,71.12653631913035
gated_cnn,0.001,128,128,avg,4,0.890325271059216,51.76192835757607
gated_cnn,0.001,128,128,max,1,0.8932443703085905,79.04328797992908
gated_cnn,0.001,128,128,max,2,0.8928273561301084,71.14159433465255
gated_cnn,0.001,128,128,max,3,0.8953294412010009,67.43857735081723
gated_cnn,0.001,128,128,max,4,0.9003336113427857,42.100956565455384
gated_cnn,0.0001,64,64,avg,1,0.8427856547122602,56.39164071334036
gated_cnn,0.0001,64,64,avg,2,0.8473728106755629,66.82496321828742
gated_cnn,0.0001,64,64,avg,3,0.8452877397831526,56.14067378797029
gated_cnn,0.0001,64,64,avg,4,0.8502919099249374,59.33799241718493
gated_cnn,0.0001,64,64,max,1,0.8794829024186822,69.99655773765163
gated_cnn,0.0001,64,64,max,2,0.8757297748123436,71.69623123972039
gated_cnn,0.0001,64,64,max,3,0.8882402001668057,64.64657030607525
gated_cnn,0.0001,64,64,max,4,0.8790658882402002,53.65421897486637
gated_cnn,0.0001,64,128,avg,1,0.8298582151793161,59.541903044048105
gated_cnn,0.0001,64,128,avg,2,0.8319432860717264,65.09956560636822
gated_cnn,0.0001,64,128,avg,3,0.8198498748957465,79.08720719186883
gated_cnn,0.0001,64,128,avg,4,0.835279399499583,42.17373697381271
gated_cnn,0.0001,64,128,max,1,0.8644703919933278,63.312681097733346
gated_cnn,0.0001,64,128,max,2,0.859883236030025,57.959556579589844
gated_cnn,0.0001,64,128,max,3,0.8644703919933278,50.03025657252262
gated_cnn,0.0001,64,128,max,4,0.8715596330275229,63.16712028101871
gated_cnn,0.0001,128,64,avg,1,0.8740617180984154,51.374184457879316
gated_cnn,0.0001,128,64,avg,2,0.8711426188490409,339.47731319226716
gated_cnn,0.0001,128,64,avg,3,0.8807339449541285,52.974726024426914
gated_cnn,0.0001,128,64,avg,4,0.8732276897414513,63.341542294150905
gated_cnn,0.0001,128,64,max,1,0.8932443703085905,67.2459602355957
gated_cnn,0.0001,128,64,max,2,0.8940783986655546,71.79975509643555
gated_cnn,0.0001,128,64,max,3,0.8986655546288573,63.51784655922338
gated_cnn,0.0001,128,64,max,4,0.8999165971643036,59.32418923628958
gated_cnn,0.0001,128,128,avg,1,0.8586321934945789,55.352010224994864
gated_cnn,0.0001,128,128,avg,2,0.859883236030025,89.6504050806949
gated_cnn,0.0001,128,128,avg,3,0.8623853211009175,73.92858204088714
gated_cnn,0.0001,128,128,avg,4,0.8603002502085071,91.03323283948396
gated_cnn,0.0001,128,128,max,1,0.8899082568807339,66.61038649709602
gated_cnn,0.0001,128,128,max,2,0.8919933277731443,47.45910042210629
gated_cnn,0.0001,128,128,max,3,0.8944954128440367,50.534700092516445
gated_cnn,0.0001,128,128,max,4,0.8969974979149291,54.766002454255755
stack_gated_cnn,0.001,64,64,avg,1,0.8686405337781484,95.60083088121917
stack_gated_cnn,0.001,64,64,avg,2,0.8849040867389492,146.86458989193565
stack_gated_cnn,0.001,64,64,avg,3,0.8690575479566305,210.70994828876695
stack_gated_cnn,0.001,64,64,avg,4,0.8769808173477899,280.46683261269015
stack_gated_cnn,0.001,64,64,max,1,0.8878231859883235,106.72870435212788
stack_gated_cnn,0.001,64,64,max,2,0.8936613844870726,167.42631008750513
stack_gated_cnn,0.001,64,64,max,3,0.8874061718098415,201.69647116410104
stack_gated_cnn,0.001,64,64,max,4,0.8940783986655546,289.39937290392425
stack_gated_cnn,0.001,64,128,avg,1,0.8919933277731443,96.18432898270457
stack_gated_cnn,0.001,64,128,avg,2,0.9040867389491243,152.61173248291016
stack_gated_cnn,0.001,64,128,avg,3,0.8807339449541285,229.64101088674445
stack_gated_cnn,0.001,64,128,avg,4,0.8832360300250208,269.23982720626026
stack_gated_cnn,0.001,64,128,max,1,0.8994995829858216,100.48213757966694
stack_gated_cnn,0.001,64,128,max,2,0.8936613844870726,158.16186603746917
stack_gated_cnn,0.001,64,128,max,3,0.8982485404503753,211.21878372995477
stack_gated_cnn,0.001,64,128,max,4,0.8953294412010009,270.4143524169922
stack_gated_cnn,0.001,128,64,avg,1,0.8890742285237698,107.70559310913086
stack_gated_cnn,0.001,128,64,avg,2,0.8824020016680567,271.36237997757763
stack_gated_cnn,0.001,128,64,avg,3,0.8886572143452878,218.87327495374177
stack_gated_cnn,0.001,128,64,avg,4,0.8819849874895747,257.4694784064042
stack_gated_cnn,0.001,128,64,max,1,0.8957464553794829,165.0941999335038
stack_gated_cnn,0.001,128,64,max,2,0.8915763135946623,152.90912828947367
stack_gated_cnn,0.001,128,64,max,3,0.8949124270225187,275.73359640021073
stack_gated_cnn,0.001,128,64,max,4,0.8999165971643036,239.48895303826583
stack_gated_cnn,0.001,128,128,avg,1,0.8849040867389492,120.47792735852693
stack_gated_cnn,0.001,128,128,avg,2,0.8840700583819849,145.0388055098684
stack_gated_cnn,0.001,128,128,avg,3,0.8865721434528774,236.1598767732319
stack_gated_cnn,0.001,128,128,avg,4,0.8869891576313594,313.509138006913
stack_gated_cnn,0.001,128,128,max,1,0.8928273561301084,110.77429118909333
stack_gated_cnn,0.001,128,128,max,2,0.896163469557965,158.08030178672388
stack_gated_cnn,0.001,128,128,max,3,0.896163469557965,213.6782595985814
stack_gated_cnn,0.001,128,128,max,4,0.8957464553794829,245.62007502505654
stack_gated_cnn,0.0001,64,64,avg,1,0.8544620517097581,97.70393371582031
stack_gated_cnn,0.0001,64,64,avg,2,0.8773978315262719,154.1037308542352
stack_gated_cnn,0.0001,64,64,avg,3,0.8803169307756463,208.98141359028062
stack_gated_cnn,0.0001,64,64,avg,4,0.8840700583819849,288.6797252454256
stack_gated_cnn,0.0001,64,64,max,1,0.8832360300250208,113.51171292756733
stack_gated_cnn,0.0001,64,64,max,2,0.890325271059216,148.92879285310445
stack_gated_cnn,0.0001,64,64,max,3,0.8919933277731443,213.70900304693924
stack_gated_cnn,0.0001,64,64,max,4,0.8999165971643036,269.61565017700195
stack_gated_cnn,0.0001,64,128,avg,1,0.8315262718932444,76.39056757876747
stack_gated_cnn,0.0001,64,128,avg,2,0.8577981651376146,186.39564514160156
stack_gated_cnn,0.0001,64,128,avg,3,0.8669724770642202,233.93380014519943
stack_gated_cnn,0.0001,64,128,avg,4,0.8744787322768974,255.58848130075555
stack_gated_cnn,0.0001,64,128,max,1,0.8632193494578816,108.95227131090667
stack_gated_cnn,0.0001,64,128,max,2,0.8828190158465388,127.46359172620271
stack_gated_cnn,0.0001,64,128,max,3,0.8861551292743953,218.27973817524156
stack_gated_cnn,0.0001,64,128,max,4,0.8882402001668057,272.50490690532484
stack_gated_cnn,0.0001,128,64,avg,1,0.8857381150959133,89.5908004359195
stack_gated_cnn,0.0001,128,64,avg,2,0.8869891576313594,143.85612387406198
stack_gated_cnn,0.0001,128,64,avg,3,0.8899082568807339,200.20196312352232
stack_gated_cnn,0.0001,128,64,avg,4,0.8974145120934112,247.7639599850303
stack_gated_cnn,0.0001,128,64,max,1,0.8936613844870726,88.22177585802581
stack_gated_cnn,0.0001,128,64,max,2,0.9020016680567139,132.14663455360815
stack_gated_cnn,0.0001,128,64,max,3,0.9036697247706422,259.48286056518555
stack_gated_cnn,0.0001,128,64,max,4,0.902418682235196,260.95478158248096
stack_gated_cnn,0.0001,128,128,avg,1,0.8773978315262719,112.53231450131065
stack_gated_cnn,0.0001,128,128,avg,2,0.8836530442035029,150.13845343338815
stack_gated_cnn,0.0001,128,128,avg,3,0.8890742285237698,256.54592012104234
stack_gated_cnn,0.0001,128,128,avg,4,0.896580483736447,306.0968298661081
stack_gated_cnn,0.0001,128,128,max,1,0.8919933277731443,109.74783646432977
stack_gated_cnn,0.0001,128,128,max,2,0.8974145120934112,168.64099000629625
stack_gated_cnn,0.0001,128,128,max,3,0.9007506255212677,225.51385979903372
stack_gated_cnn,0.0001,128,128,max,4,0.8974145120934112,271.0982372886256
rcnn,0.001,64,64,avg,1,0.8890742285237698,84.32802401090923
rcnn,0.001,64,64,avg,2,0.8886572143452878,97.84510261134098
rcnn,0.001,64,64,avg,3,0.8786488740617181,86.08541990581311
rcnn,0.001,64,64,avg,4,0.8790658882402002,92.3006158126028
rcnn,0.001,64,64,max,1,0.8849040867389492,89.80412232248406
rcnn,0.001,64,64,max,2,0.890742285237698,91.27792559171978
rcnn,0.001,64,64,max,3,0.8828190158465388,79.03324930291427
rcnn,0.001,64,64,max,4,0.8878231859883235,98.84457839162727
rcnn,0.001,64,128,avg,1,0.8940783986655546,86.96756864848889
rcnn,0.001,64,128,avg,2,0.8886572143452878,86.87094638222142
rcnn,0.001,64,128,avg,3,0.8711426188490409,92.684595208419
rcnn,0.001,64,128,avg,4,0.8732276897414513,83.37372227718956
rcnn,0.001,64,128,max,1,0.8919933277731443,108.46037613718133
rcnn,0.001,64,128,max,2,0.8853211009174312,104.61054350200452
rcnn,0.001,64,128,max,3,0.8874061718098415,87.44566064131887
rcnn,0.001,64,128,max,4,0.8924103419516264,84.44158654463918
rcnn,0.001,128,64,avg,1,0.8865721434528774,94.56684714869449
rcnn,0.001,128,64,avg,2,0.890742285237698,76.4188013578716
rcnn,0.001,128,64,avg,3,0.8836530442035029,100.15525315937244
rcnn,0.001,128,64,avg,4,0.8874061718098415,85.61987625925164
rcnn,0.001,128,64,max,1,0.8911592994161801,93.9413120872096
rcnn,0.001,128,64,max,2,0.8853211009174312,89.50233459472656
rcnn,0.001,128,64,max,3,0.8932443703085905,75.12945877878289
rcnn,0.001,128,64,max,4,0.8844870725604671,94.44450077257659
rcnn,0.001,128,128,avg,1,0.8894912427022519,108.13411913420025
rcnn,0.001,128,128,avg,2,0.8978315262718932,96.83558815403988
rcnn,0.001,128,128,avg,3,0.8874061718098415,106.24433818616365
rcnn,0.001,128,128,avg,4,0.8869891576313594,105.23294147692229
rcnn,0.001,128,128,max,1,0.8886572143452878,84.3299062628495
rcnn,0.001,128,128,max,2,0.8844870725604671,108.07765157599198
rcnn,0.001,128,128,max,3,0.8940783986655546,85.41910271895559
rcnn,0.001,128,128,max,4,0.8878231859883235,144.69749049136513
rcnn,0.0001,64,64,avg,1,0.8427856547122602,96.15672262091385
rcnn,0.0001,64,64,avg,2,0.8461217681401167,92.18517102693257
rcnn,0.0001,64,64,avg,3,0.8507089241034195,95.0731729206286
rcnn,0.0001,64,64,avg,4,0.835279399499583,92.41229609439247
rcnn,0.0001,64,64,max,1,0.8711426188490409,98.0101133647718
rcnn,0.0001,64,64,max,2,0.8707256046705588,67.193257181268
rcnn,0.0001,64,64,max,3,0.877814845704754,71.35930814241108
rcnn,0.0001,64,64,max,4,0.8732276897414513,86.5911182604338
rcnn,0.0001,64,128,avg,1,0.8165137614678899,86.9926653410259
rcnn,0.0001,64,128,avg,2,0.8394495412844036,142.37730126631888
rcnn,0.0001,64,128,avg,3,0.8306922435362802,135.32262099416633
rcnn,0.0001,64,128,avg,4,0.8290241868223519,115.91911315917969
rcnn,0.0001,64,128,max,1,0.8507089241034195,118.2280088725843
rcnn,0.0001,64,128,max,2,0.8557130942452044,123.45815959729646
rcnn,0.0001,64,128,max,3,0.8465387823185988,111.10933203446238
rcnn,0.0001,64,128,max,4,0.8607172643869891,140.405956067537
rcnn,0.0001,128,64,avg,1,0.8715596330275229,117.84842139796207
rcnn,0.0001,128,64,avg,2,0.8640533778148457,90.6128632394891
rcnn,0.0001,128,64,avg,3,0.8673894912427023,108.8932940834447
rcnn,0.0001,128,64,avg,4,0.8690575479566305,113.42575675562809
rcnn,0.0001,128,64,max,1,0.8978315262718932,114.95979208695262
rcnn,0.0001,128,64,max,2,0.8928273561301084,87.9325364765368
rcnn,0.0001,128,64,max,3,0.8915763135946623,87.61443589863025
rcnn,0.0001,128,64,max,4,0.8949124270225187,96.28722542210629
rcnn,0.0001,128,128,avg,1,0.8519599666388658,118.26314424213611
rcnn,0.0001,128,128,avg,2,0.8527939949958299,142.1790373952765
rcnn,0.0001,128,128,avg,3,0.8644703919933278,109.25468645597759
rcnn,0.0001,128,128,avg,4,0.8661384487072561,100.17344826146176
rcnn,0.0001,128,128,max,1,0.8853211009174312,89.50484426398026
rcnn,0.0001,128,128,max,2,0.8915763135946623,94.85922361675061
rcnn,0.0001,128,128,max,3,0.8844870725604671,84.3022999010588
rcnn,0.0001,128,128,max,4,0.8824020016680567,97.53327620656867
bert,0.001,64,64,avg,1,0.8657214345287739,204.68360499331826
bert,0.001,64,64,avg,2,0.822768974145121,185.79457935534026
bert,0.001,64,64,avg,3,0.8711426188490409,224.21008662173622
bert,0.001,64,64,avg,4,0.8736447039199333,234.55055136429635
bert,0.001,64,64,max,1,0.8694745621351125,258.34911747982625
bert,0.001,64,64,max,2,0.8765638031693077,234.58066739534078
bert,0.001,64,64,max,3,0.8607172643869891,220.9537907650596
bert,0.001,64,64,max,4,0.8603002502085071,212.7772883365029
bert,0.001,64,128,avg,1,0.8711426188490409,234.16218004728617
bert,0.001,64,128,avg,2,0.8790658882402002,203.74875319631477
bert,0.001,64,128,avg,3,0.8694745621351125,210.7080660368267
bert,0.001,64,128,avg,4,0.8761467889908257,224.04946778949937
bert,0.001,64,128,max,1,0.8807339449541285,242.89833871941818
bert,0.001,64,128,max,2,0.8623853211009175,262.0546441329153
bert,0.001,64,128,max,3,0.8669724770642202,253.23190187153062
bert,0.001,64,128,max,4,0.8794829024186822,225.24532518888773
bert,0.001,128,64,avg,1,0.8703085904920768,231.33190054642526
bert,0.001,128,64,avg,2,0.8728106755629691,243.68951195164732
bert,0.001,128,64,avg,3,0.878231859883236,242.644234707481
bert,0.001,128,64,avg,4,0.8769808173477899,225.7823944091797
bert,0.001,128,64,max,1,0.8519599666388658,239.02340939170435
bert,0.001,128,64,max,2,0.8840700583819849,233.28065872192383
bert,0.001,128,64,max,3,0.8648874061718098,201.94869292409797
bert,0.001,128,64,max,4,0.8703085904920768,252.0366718894557
bert,0.001,128,128,avg,1,0.8790658882402002,238.44242095947266
bert,0.001,128,128,avg,2,0.8740617180984154,311.6206118935033
bert,0.001,128,128,avg,3,0.877814845704754,208.4192476774517
bert,0.001,128,128,avg,4,0.8673894912427023,207.3250318828382
bert,0.001,128,128,max,1,0.8757297748123436,259.69430019980985
bert,0.001,128,128,max,2,0.8786488740617181,223.85622325696443
bert,0.001,128,128,max,3,0.8732276897414513,247.08697670384458
bert,0.001,128,128,max,4,0.8773978315262719,232.96255814401727
bert,0.0001,64,64,avg,1,0.890325271059216,287.87851333618164
bert,0.0001,64,64,avg,2,0.8840700583819849,278.94471821032073
bert,0.0001,64,64,avg,3,0.8869891576313594,218.76535917583266
bert,0.0001,64,64,avg,4,0.878231859883236,247.47346576891448
bert,0.0001,64,64,max,1,0.8932443703085905,227.48896950169615
bert,0.0001,64,64,max,2,0.8940783986655546,213.27545768336245
bert,0.0001,64,64,max,3,0.8940783986655546,228.73062836496453
bert,0.0001,64,64,max,4,0.8969974979149291,285.74529447053607
bert,0.0001,64,128,avg,1,0.8832360300250208,225.95054224917763
bert,0.0001,64,128,avg,2,0.8740617180984154,210.73190789473685
bert,0.0001,64,128,avg,3,0.8757297748123436,214.31446075439453
bert,0.0001,64,128,avg,4,0.878231859883236,245.44314334267065
bert,0.0001,64,128,max,1,0.8953294412010009,285.63800610994036
bert,0.0001,64,128,max,2,0.8974145120934112,221.70920121042352
bert,0.0001,64,128,max,3,0.8974145120934112,245.02151890804893
bert,0.0001,64,128,max,4,0.8915763135946623,221.29259611430922
bert,0.0001,128,64,avg,1,0.878231859883236,236.82744879471628
bert,0.0001,128,64,avg,2,0.8857381150959133,258.5442442643015
bert,0.0001,128,64,avg,3,0.8707256046705588,243.6769636053788
bert,0.0001,128,64,avg,4,0.8874061718098415,271.4408071417558
bert,0.0001,128,64,max,1,0.8940783986655546,264.4093413101999
bert,0.0001,128,64,max,2,0.8940783986655546,265.4558733889931
bert,0.0001,128,64,max,3,0.8986655546288573,221.70167220266242
bert,0.0001,128,64,max,4,0.9020016680567139,263.3257916099147
bert,0.0001,128,128,avg,1,0.8807339449541285,254.97988650673315
bert,0.0001,128,128,avg,2,0.8853211009174312,200.59660861366675
bert,0.0001,128,128,avg,3,0.8861551292743953,226.7950459530479
bert,0.0001,128,128,avg,4,0.8824020016680567,337.9282198454204
bert,0.0001,128,128,max,1,0.8999165971643036,275.82143482409026
bert,0.0001,128,128,max,2,0.8936613844870726,231.2233573512027
bert,0.0001,128,128,max,3,0.8999165971643036,245.3051115337171
bert,0.0001,128,128,max,4,0.896580483736447,255.76541298314146
bert_lstm,0.001,64,64,avg,1,0.8728106755629691,295.00471918206466
bert_lstm,0.001,64,64,avg,2,0.8586321934945789,307.86489185534026
bert_lstm,0.001,64,64,avg,3,0.8673894912427023,303.05511073062297
bert_lstm,0.001,64,64,avg,4,0.8728106755629691,298.02134162501284
bert_lstm,0.001,64,64,max,1,0.8732276897414513,329.4844376413446
bert_lstm,0.001,64,64,max,2,0.8653044203502919,339.76655257375614
bert_lstm,0.001,64,64,max,3,0.8648874061718098,347.70777350977846
bert_lstm,0.001,64,64,max,4,0.8811509591326105,342.446251919395
bert_lstm,0.001,64,128,avg,1,0.872393661384487,373.9532671476665
bert_lstm,0.001,64,128,avg,2,0.8640533778148457,303.0049173455489
bert_lstm,0.001,64,128,avg,3,0.8740617180984154,347.92548731753703
bert_lstm,0.001,64,128,avg,4,0.8698915763135947,321.725795143529
bert_lstm,0.001,64,128,max,1,0.8636363636363636,378.53843287417766
bert_lstm,0.001,64,128,max,2,0.8844870725604671,458.98839047080594
bert_lstm,0.001,64,128,max,3,0.8586321934945789,396.59173865067334
bert_lstm,0.001,64,128,max,4,0.8769808173477899,383.57784873560854
bert_lstm,0.001,128,64,avg,1,0.8611342785654712,385.9024298818488
bert_lstm,0.001,128,64,avg,2,0.8790658882402002,312.22355993170487
bert_lstm,0.001,128,64,avg,3,0.8753127606338615,483.89121105796414
bert_lstm,0.001,128,64,avg,4,0.8698915763135947,302.7263440583882
bert_lstm,0.001,128,64,max,1,0.8794829024186822,367.43440126117906
bert_lstm,0.001,128,64,max,2,0.8769808173477899,329.34954291895815
bert_lstm,0.001,128,64,max,3,0.8798999165971643,302.65168139809055
bert_lstm,0.001,128,64,max,4,0.8790658882402002,340.4209488316586
bert_lstm,0.001,128,128,avg,1,0.8794829024186822,382.7408740394994
bert_lstm,0.001,128,128,avg,2,0.8690575479566305,312.61193124871505
bert_lstm,0.001,128,128,avg,3,0.8773978315262719,320.5638182790656
bert_lstm,0.001,128,128,avg,4,0.8615512927439533,327.8920524998715
bert_lstm,0.001,128,128,max,1,0.8648874061718098,398.0373081408049
bert_lstm,0.001,128,128,max,2,0.8728106755629691,427.71038256193464
bert_lstm,0.001,128,128,max,3,0.8761467889908257,320.9402686671207
bert_lstm,0.001,128,128,max,4,0.877814845704754,319.47587665758635
bert_lstm,0.0001,64,64,avg,1,0.8828190158465388,314.2036889728747
bert_lstm,0.0001,64,64,avg,2,0.878231859883236,342.51338557193156
bert_lstm,0.0001,64,64,avg,3,0.8765638031693077,291.3299359773335
bert_lstm,0.0001,64,64,avg,4,0.8819849874895747,304.3482178135922
bert_lstm,0.0001,64,64,max,1,0.8857381150959133,299.2987632751465
bert_lstm,0.0001,64,64,max,2,0.8803169307756463,309.4754720989026
bert_lstm,0.0001,64,64,max,3,0.8786488740617181,340.9159810919511
bert_lstm,0.0001,64,64,max,4,0.8857381150959133,318.0296797501413
bert_lstm,0.0001,64,128,avg,1,0.872393661384487,321.34808992084703
bert_lstm,0.0001,64,128,avg,2,0.8803169307756463,433.04593939530224
bert_lstm,0.0001,64,128,avg,3,0.8736447039199333,313.49533482601765
bert_lstm,0.0001,64,128,avg,4,0.8707256046705588,290.4126518651059
bert_lstm,0.0001,64,128,max,1,0.8794829024186822,304.12548466732625
bert_lstm,0.0001,64,128,max,2,0.8753127606338615,310.9078658254523
bert_lstm,0.0001,64,128,max,3,0.8824020016680567,308.5023478457802
bert_lstm,0.0001,64,128,max,4,0.8844870725604671,297.12099778024776
bert_lstm,0.0001,128,64,avg,1,0.8769808173477899,332.7683398598119
bert_lstm,0.0001,128,64,avg,2,0.8815679733110926,299.54031894081515
bert_lstm,0.0001,128,64,avg,3,0.8690575479566305,381.84241244667453
bert_lstm,0.0001,128,64,avg,4,0.871976647206005,345.92214383577044
bert_lstm,0.0001,128,64,max,1,0.890325271059216,300.6357895700555
bert_lstm,0.0001,128,64,max,2,0.8769808173477899,271.0662390056409
bert_lstm,0.0001,128,64,max,3,0.8761467889908257,296.63725903159695
bert_lstm,0.0001,128,64,max,4,0.8832360300250208,284.3568199559262
bert_lstm,0.0001,128,128,avg,1,0.8748957464553795,330.2373384174548
bert_lstm,0.0001,128,128,avg,2,0.8819849874895747,296.7357635498047
bert_lstm,0.0001,128,128,avg,3,0.8736447039199333,305.64508940044203
bert_lstm,0.0001,128,128,avg,4,0.8694745621351125,312.3057515997636
bert_lstm,0.0001,128,128,max,1,0.8911592994161801,298.1625105205335
bert_lstm,0.0001,128,128,max,2,0.8740617180984154,289.7425701743678
bert_lstm,0.0001,128,128,max,3,0.8878231859883235,318.28629343133224
bert_lstm,0.0001,128,128,max,4,0.8824020016680567,310.82253707082646
bert_cnn,0.001,64,64,avg,1,0.8636363636363636,205.7263725682309
bert_cnn,0.001,64,64,avg,2,0.8815679733110926,209.7882722553454
bert_cnn,0.001,64,64,avg,3,0.8711426188490409,210.11578409295333
bert_cnn,0.001,64,64,avg,4,0.859466221851543,209.54295208579614
bert_cnn,0.001,64,64,max,1,0.8640533778148457,224.00617599487305
bert_cnn,0.001,64,64,max,2,0.8715596330275229,211.39257832577354
bert_cnn,0.001,64,64,max,3,0.8828190158465388,196.50145580894068
bert_cnn,0.001,64,64,max,4,0.890325271059216,200.7377775091874
bert_cnn,0.001,64,128,avg,1,0.8682235195996664,231.46303076493112
bert_cnn,0.001,64,128,avg,2,0.8707256046705588,226.57795956260279
bert_cnn,0.001,64,128,avg,3,0.8548790658882403,223.92649399606805
bert_cnn,0.001,64,128,avg,4,0.8669724770642202,227.18529952199836
bert_cnn,0.001,64,128,max,1,0.8886572143452878,235.5111272711503
bert_cnn,0.001,64,128,max,2,0.8811509591326105,231.72529120194284
bert_cnn,0.001,64,128,max,3,0.8648874061718098,213.4611732081363
bert_cnn,0.001,64,128,max,4,0.8311092577147623,213.34823809171976
bert_cnn,0.001,128,64,avg,1,0.8669724770642202,203.26062252646997
bert_cnn,0.001,128,64,avg,2,0.8665554628857381,219.73095442119399
bert_cnn,0.001,128,64,avg,3,0.8744787322768974,205.51305068166633
bert_cnn,0.001,128,64,avg,4,0.8657214345287739,216.02981968929893
bert_cnn,0.001,128,64,max,1,0.8661384487072561,191.59693466989617
bert_cnn,0.001,128,64,max,2,0.8753127606338615,199.89578347457083
bert_cnn,0.001,128,64,max,3,0.8698915763135947,191.3553790042275
bert_cnn,0.001,128,64,max,4,0.8377814845704754,217.22944159256784
bert_cnn,0.001,128,128,avg,1,0.8711426188490409,213.40721531918174
bert_cnn,0.001,128,128,avg,2,0.872393661384487,215.777597929302
bert_cnn,0.001,128,128,avg,3,0.8703085904920768,223.98672605815688
bert_cnn,0.001,128,128,avg,4,0.8694745621351125,226.6708173249897
bert_cnn,0.001,128,128,max,1,0.8728106755629691,219.15435791015625
bert_cnn,0.001,128,128,max,2,0.871976647206005,228.1665802001953
bert_cnn,0.001,128,128,max,3,0.8673894912427023,236.84125197561164
bert_cnn,0.001,128,128,max,4,0.8740617180984154,235.5563013177169
bert_cnn,0.0001,64,64,avg,1,0.8803169307756463,201.60926015753495
bert_cnn,0.0001,64,64,avg,2,0.8824020016680567,225.47056800440737
bert_cnn,0.0001,64,64,avg,3,0.8740617180984154,218.8833136307566
bert_cnn,0.0001,64,64,avg,4,0.8753127606338615,211.72950142308287
bert_cnn,0.0001,64,64,max,1,0.8936613844870726,213.48250539679276
bert_cnn,0.0001,64,64,max,2,0.896580483736447,210.4790587174265
bert_cnn,0.0001,64,64,max,3,0.896163469557965,201.63184718081826
bert_cnn,0.0001,64,64,max,4,0.890325271059216,208.55790690371865
bert_cnn,0.0001,64,128,avg,1,0.8715596330275229,220.94626175729852
bert_cnn,0.0001,64,128,avg,2,0.8694745621351125,234.4922015541478
bert_cnn,0.0001,64,128,avg,3,0.8678065054211843,224.0670354742753
bert_cnn,0.0001,64,128,avg,4,0.8707256046705588,206.7390241120991
bert_cnn,0.0001,64,128,max,1,0.8878231859883235,218.59846617046156
bert_cnn,0.0001,64,128,max,2,0.890325271059216,216.4602279663086
bert_cnn,0.0001,64,128,max,3,0.890325271059216,212.37950575979133
bert_cnn,0.0001,64,128,max,4,0.8932443703085905,229.7815523649517
bert_cnn,0.0001,128,64,avg,1,0.8849040867389492,212.05073908755654
bert_cnn,0.0001,128,64,avg,2,0.8728106755629691,217.3379847877904
bert_cnn,0.0001,128,64,avg,3,0.8665554628857381,217.39194267674497
bert_cnn,0.0001,128,64,avg,4,0.8669724770642202,215.069243782445
bert_cnn,0.0001,128,64,max,1,0.8936613844870726,213.2691835102282
bert_cnn,0.0001,128,64,max,2,0.8957464553794829,191.0015156394557
bert_cnn,0.0001,128,64,max,3,0.8869891576313594,221.75374783967672
bert_cnn,0.0001,128,64,max,4,0.8857381150959133,201.61176982678865
bert_cnn,0.0001,128,128,avg,1,0.8636363636363636,216.6722950182463
bert_cnn,0.0001,128,128,avg,2,0.8682235195996664,215.99091981586656
bert_cnn,0.0001,128,128,avg,3,0.8707256046705588,233.80204250938013
bert_cnn,0.0001,128,128,avg,4,0.8757297748123436,229.05751278525904
bert_cnn,0.0001,128,128,max,1,0.8878231859883235,240.06617696661698
bert_cnn,0.0001,128,128,max,2,0.8928273561301084,232.64508498342414
bert_cnn,0.0001,128,128,max,3,0.8899082568807339,225.6882818121659
bert_cnn,0.0001,128,128,max,4,0.8894912427022519,221.23863822535463
bert_mid_layer,0.001,64,64,avg,1,0.8765638031693077,204.8191271330181
bert_mid_layer,0.001,64,64,avg,2,0.8623853211009175,201.31437402022513
bert_mid_layer,0.001,64,64,avg,3,0.8753127606338615,195.18136978149414
bert_mid_layer,0.001,64,64,avg,4,0.8657214345287739,187.3261050174111
bert_mid_layer,0.001,64,64,max,1,0.8773978315262719,179.12952523482474
bert_mid_layer,0.001,64,64,max,2,0.8811509591326105,199.8330417432283
bert_mid_layer,0.001,64,64,max,3,0.8690575479566305,213.34196391858552
bert_mid_layer,0.001,64,64,max,4,0.8632193494578816,182.6436896073191
bert_mid_layer,0.001,64,128,avg,1,0.8632193494578816,210.21617086310135
bert_mid_layer,0.001,64,128,avg,2,0.8682235195996664,204.48910562615646
bert_mid_layer,0.001,64,128,avg,3,0.8748957464553795,201.1688132035105
bert_mid_layer,0.001,64,128,avg,4,0.8628023352793995,189.34952585320724
bert_mid_layer,0.001,64,128,max,1,0.8678065054211843,204.57192471152857
bert_mid_layer,0.001,64,128,max,2,0.8761467889908257,200.48743800113076
bert_mid_layer,0.001,64,128,max,3,0.8669724770642202,218.74779149105674
bert_mid_layer,0.001,64,128,max,4,0.8502919099249374,197.53481212415193
bert_mid_layer,0.001,128,64,avg,1,0.872393661384487,209.9432443317614
bert_mid_layer,0.001,128,64,avg,2,0.8694745621351125,188.10159281680458
bert_mid_layer,0.001,128,64,avg,3,0.8465387823185988,222.71055924265008
bert_mid_layer,0.001,128,64,avg,4,0.8707256046705588,195.30873549611945
bert_mid_layer,0.001,128,64,max,1,0.8836530442035029,223.67740932263825
bert_mid_layer,0.001,128,64,max,2,0.8728106755629691,210.28895127145867
bert_mid_layer,0.001,128,64,max,3,0.8794829024186822,200.9523542303788
bert_mid_layer,0.001,128,64,max,4,0.8715596330275229,199.21817277607164
bert_mid_layer,0.001,128,128,avg,1,0.8732276897414513,210.0003393072831
bert_mid_layer,0.001,128,128,avg,2,0.8653044203502919,201.75105647036904
bert_mid_layer,0.001,128,128,avg,3,0.8753127606338615,233.2574442813271
bert_mid_layer,0.001,128,128,avg,4,0.8773978315262719,193.157948945698
bert_mid_layer,0.001,128,128,max,1,0.8765638031693077,217.50299554122122
bert_mid_layer,0.001,128,128,max,2,0.8673894912427023,217.10270329525596
bert_mid_layer,0.001,128,128,max,3,0.8678065054211843,204.17414213481703
bert_mid_layer,0.001,128,128,max,4,0.8644703919933278,200.25780326441713
bert_mid_layer,0.0001,64,64,avg,1,0.8644703919933278,188.04638009322318
bert_mid_layer,0.0001,64,64,avg,2,0.8832360300250208,209.44068306370787
bert_mid_layer,0.0001,64,64,avg,3,0.8619683069224353,194.6116748609041
bert_mid_layer,0.0001,64,64,avg,4,0.8653044203502919,191.81402106034128
bert_mid_layer,0.0001,64,64,max,1,0.8840700583819849,196.23668570267526
bert_mid_layer,0.0001,64,64,max,2,0.8853211009174312,194.6913568597091
bert_mid_layer,0.0001,64,64,max,3,0.8878231859883235,184.53974472848992
bert_mid_layer,0.0001,64,64,max,4,0.8915763135946623,208.96196365356445
bert_mid_layer,0.0001,64,128,avg,1,0.8557130942452044,197.31898056833367
bert_mid_layer,0.0001,64,128,avg,2,0.8773978315262719,204.51671198794716
bert_mid_layer,0.0001,64,128,avg,3,0.8748957464553795,211.19368703741776
bert_mid_layer,0.0001,64,128,avg,4,0.8728106755629691,198.06937167519018
bert_mid_layer,0.0001,64,128,max,1,0.896580483736447,221.32898631848786
bert_mid_layer,0.0001,64,128,max,2,0.8940783986655546,216.39497656571237
bert_mid_layer,0.0001,64,128,max,3,0.8899082568807339,248.90648691277755
bert_mid_layer,0.0001,64,128,max,4,0.8794829024186822,218.7942203722502
bert_mid_layer,0.0001,128,64,avg,1,0.8715596330275229,200.12290854203073
bert_mid_layer,0.0001,128,64,avg,2,0.8698915763135947,214.89293951737253
bert_mid_layer,0.0001,128,64,avg,3,0.8657214345287739,208.6639404296875
bert_mid_layer,0.0001,128,64,avg,4,0.8661384487072561,200.26470485486482
bert_mid_layer,0.0001,128,64,max,1,0.8894912427022519,224.9096569262053
bert_mid_layer,0.0001,128,64,max,2,0.890325271059216,193.61094424599096
bert_mid_layer,0.0001,128,64,max,3,0.8861551292743953,192.30591623406661
bert_mid_layer,0.0001,128,64,max,4,0.8807339449541285,179.2430877685547
bert_mid_layer,0.0001,128,128,avg,1,0.8715596330275229,201.81003369783102
bert_mid_layer,0.0001,128,128,avg,2,0.8844870725604671,200.56147324411492
bert_mid_layer,0.0001,128,128,avg,3,0.8769808173477899,197.57245716295745
bert_mid_layer,0.0001,128,128,avg,4,0.8698915763135947,224.23267364501953
bert_mid_layer,0.0001,128,128,max,1,0.8853211009174312,211.29281897293893
bert_mid_layer,0.0001,128,128,max,2,0.8953294412010009,200.09091025904604
bert_mid_layer,0.0001,128,128,max,3,0.8911592994161801,221.1382514552066
bert_mid_layer,0.0001,128,128,max,4,0.8899082568807339,208.97388458251953
