model_type,epoch,opt,lr,hidden_size,batch_size,pooling_style,time_value,acc,call_back,loss,precision
cnn,5,adam,0.1,128,128,avg,9,0.8598247809762203,0.773989898989899,0.27624275465806325,0.7961038961038961
cnn,5,adam,0.1,128,128,max,2,0.8247809762202754,0.6893939393939394,27.59972942352295,0.7583333333333333
cnn,5,adam,0.1,128,128,last,3,0.6403838130997079,0.09090909090909091,18.183869279225668,0.3364485981308411
cnn,5,adam,0.1,512,128,avg,3,0.8539841468502295,0.7575757575757576,93.82134358088176,0.7915567282321899
cnn,5,adam,0.1,512,128,max,4,0.7847309136420526,0.7348484848484849,320.29393493652344,0.6554054054054054
cnn,5,adam,0.1,512,128,last,4,0.5965790571547768,0.10606060606060606,254.58707443237304,0.24489795918367346
cnn,5,adam,0.001,128,128,avg,3,0.8769294952023362,0.7752525252525253,0.3049215418100357,0.8399452804377565
cnn,5,adam,0.001,128,128,max,4,0.885273258239466,0.8345959595959596,0.16005617916584014,0.8211180124223603
cnn,5,adam,0.001,128,128,last,4,0.6591572799332499,0.056818181818181816,0.5842647484938304,0.391304347826087
cnn,5,adam,0.001,512,128,avg,4,0.886107634543179,0.7840909090909091,0.2850984032948812,0.8589211618257261
cnn,5,adam,0.001,512,128,max,4,0.8902795160617438,0.8371212121212122,0.06614224068820476,0.8318695106649937
cnn,5,adam,0.001,512,128,last,4,0.6620775969962454,0.07575757575757576,0.5673817654450735,0.43478260869565216
cnn,5,sgd,0.1,128,128,avg,4,0.8268669169795578,0.6578282828282829,0.4112664357821147,0.7834586466165413
cnn,5,sgd,0.1,128,128,max,4,0.8802670004171882,0.8232323232323232,0.21295492152372997,0.8160200250312891
cnn,5,sgd,0.1,128,128,last,4,0.6612432206925324,0.050505050505050504,0.6093122410774231,0.4
cnn,5,sgd,0.1,512,128,avg,3,0.8731748018356279,0.7310606060606061,0.33569138526916503,0.8641791044776119
cnn,5,sgd,0.1,512,128,max,3,0.8756779307467668,0.7853535353535354,0.054378046542406085,0.8293333333333334
cnn,5,sgd,0.1,512,128,last,3,0.6624947851481018,0.0707070707070707,0.5852844154834748,0.43410852713178294
cnn,5,sgd,0.001,128,128,avg,2,0.6716729244889446,0.006313131313131313,0.6357218813896179,1.0
cnn,5,sgd,0.001,128,128,max,3,0.685857321652065,0.06060606060606061,0.5905652491251627,0.8421052631578947
cnn,5,sgd,0.001,128,128,last,2,0.6090947017104714,0.08207070707070707,0.6746574568748475,0.23636363636363636
cnn,5,sgd,0.001,512,128,avg,3,0.6962870254484773,0.09343434343434344,0.6047515527407328,0.8809523809523809
cnn,5,sgd,0.001,512,128,max,3,0.7930746766791823,0.4659090909090909,0.4931843368212382,0.834841628959276
cnn,5,sgd,0.001,512,128,last,3,0.6174384647476012,0.059343434343434344,0.6556333510080973,0.2146118721461187
cnn,15,adam,0.1,128,128,avg,8,0.8598247809762203,0.7638888888888888,1.1209081284205118,0.8023872679045093
cnn,15,adam,0.1,128,128,max,8,0.8218606591572799,0.5833333333333334,33.14121514638265,0.8264758497316637
cnn,15,adam,0.1,128,128,last,8,0.6111806424697539,0.12373737373737374,11.603636960983277,0.2916666666666667
cnn,15,adam,0.1,512,128,avg,9,0.8564872757613684,0.7626262626262627,5.354751100540161,0.7947368421052632
cnn,15,adam,0.1,512,128,max,9,0.8356278681685441,0.6906565656565656,474.1719942220052,0.7859195402298851
cnn,15,adam,0.1,512,128,last,9,0.605340008343763,0.125,307.02446365356445,0.28125
cnn,15,adam,0.001,128,128,avg,8,0.8731748018356279,0.7904040404040404,0.24050450801849366,0.819371727748691
cnn,15,adam,0.001,128,128,max,8,0.8873591989987485,0.8005050505050505,0.010386849989493688,0.8498659517426274
cnn,15,adam,0.001,128,128,last,8,0.6562369628702545,0.07449494949494949,0.5401661535104115,0.3933333333333333
cnn,15,adam,0.001,512,128,avg,9,0.869837296620776,0.7878787878787878,0.2352294921875,0.8125
cnn,15,adam,0.001,512,128,max,10,0.8735919899874843,0.7613636363636364,0.05239980480633676,0.8410041841004184
cnn,15,adam,0.001,512,128,last,9,0.6495619524405507,0.07449494949494949,0.5366549921035767,0.35542168674698793
cnn,15,sgd,0.1,128,128,avg,8,0.8289528577388402,0.6881313131313131,0.39948647578557334,0.769774011299435
cnn,15,sgd,0.1,128,128,max,8,0.8836045056320401,0.7588383838383839,0.019258086048066617,0.872278664731495
cnn,15,sgd,0.1,128,128,last,8,0.6512307050479766,0.050505050505050504,0.6047067189216614,0.3225806451612903
cnn,15,sgd,0.1,512,128,avg,8,0.8823529411764706,0.7815656565656566,0.3093491917848587,0.8502747252747253
cnn,15,sgd,0.1,512,128,max,9,0.8877763871506049,0.7853535353535354,0.006241267655665675,0.8626907073509015
cnn,15,sgd,0.1,512,128,last,8,0.6453900709219859,0.09343434343434344,0.5649933270613352,0.3592233009708738
cnn,15,sgd,0.001,128,128,avg,8,0.6800166875260742,0.039141414141414144,0.6026200493176778,0.8378378378378378
cnn,15,sgd,0.001,128,128,max,8,0.785148101793909,0.43434343434343436,0.4911566372712453,0.8369829683698297
cnn,15,sgd,0.001,128,128,last,8,0.6382978723404256,0.03156565656565657,0.6421783947944641,0.2
cnn,15,sgd,0.001,512,128,avg,10,0.7555277430120985,0.2916666666666667,0.5411341142654419,0.90234375
cnn,15,sgd,0.001,512,128,max,9,0.8406341259908219,0.6237373737373737,0.3852156400680542,0.8546712802768166
cnn,15,sgd,0.001,512,128,last,9,0.6503963287442637,0.03787878787878788,0.6203024554252624,0.2830188679245283
bert,5,adam,0.1,128,128,avg,115,0.6695869837296621,0.0,0.6407607420285543,0.0
bert,5,adam,0.1,128,128,max,123,0.6695869837296621,0.0,0.6543146753311158,0.0
bert,5,adam,0.1,128,128,last,130,0.6695869837296621,0.0,0.6672006146113078,0.0
bert,5,adam,0.1,512,128,avg,130,0.6695869837296621,0.0,0.6477758359909057,0.0
bert,5,adam,0.1,512,128,max,131,0.6695869837296621,0.0,0.6487256717681885,0.0
bert,5,adam,0.1,512,128,last,135,0.6695869837296621,0.0,0.6572627822558085,0.0
bert,5,adam,0.001,128,128,avg,130,0.6695869837296621,0.0,0.6393274680773418,0.0
bert,5,adam,0.001,128,128,max,130,0.6695869837296621,0.0,0.6388338216145834,0.0
bert,5,adam,0.001,128,128,last,132,0.6695869837296621,0.0,0.6432058691978455,0.0
bert,5,adam,0.001,512,128,avg,131,0.6695869837296621,0.0,0.6486116560300191,0.0
bert,5,adam,0.001,512,128,max,132,0.6695869837296621,0.0,0.6421767210960388,0.0
bert,5,adam,0.001,512,128,last,133,0.6695869837296621,0.0,0.6397968665758769,0.0
bert,5,sgd,0.1,128,128,avg,124,0.6695869837296621,0.0,0.6392169364293416,0.0
bert,5,sgd,0.1,128,128,max,125,0.6695869837296621,0.0,0.6437602686882019,0.0
bert,5,sgd,0.1,128,128,last,123,0.6695869837296621,0.0,0.6395661870638529,0.0
bert,5,sgd,0.1,512,128,avg,127,0.6695869837296621,0.0,0.645352749824524,0.0
bert,5,sgd,0.1,512,128,max,127,0.6695869837296621,0.0,0.6535499048233032,0.0
bert,5,sgd,0.1,512,128,last,125,0.6695869837296621,0.0,0.641447749932607,0.0
bert,5,sgd,0.001,128,128,avg,126,0.8856904463913224,0.7714646464646465,0.31603039304415387,0.8678977272727273
bert,5,sgd,0.001,128,128,max,126,0.8894451397580309,0.773989898989899,0.3144549340009689,0.876967095851216
bert,5,sgd,0.001,128,128,last,125,0.8856904463913224,0.7765151515151515,0.32045344948768617,0.8637640449438202
bert,5,sgd,0.001,512,128,avg,126,0.8927826449728827,0.7815656565656566,0.31014992197354635,0.8805120910384068
bert,5,sgd,0.001,512,128,max,125,0.8890279516061744,0.7929292929292929,0.31020081400871274,0.8602739726027397
bert,5,sgd,0.001,512,128,last,125,0.8877763871506049,0.7878787878787878,0.31859492480754853,0.8606896551724138
bert,15,adam,0.1,128,128,avg,389,0.6695869837296621,0.0,0.6539768568674723,0.0
bert,15,adam,0.1,128,128,max,386,0.6695869837296621,0.0,0.642483290831248,0.0
bert,15,adam,0.1,128,128,last,386,0.6695869837296621,0.0,0.664583261013031,0.0
bert,15,adam,0.1,512,128,avg,385,0.6695869837296621,0.0,0.642688984076182,0.0
bert,15,adam,0.1,512,128,max,386,0.3304130162703379,1.0,0.6447567852338155,0.3304130162703379
bert,15,adam,0.1,512,128,last,385,0.6695869837296621,0.0,0.6672633012135823,0.0
bert,15,adam,0.001,128,128,avg,386,0.6695869837296621,0.0,0.6385586762428284,0.0
bert,15,adam,0.001,128,128,max,387,0.6695869837296621,0.0,0.641747796535492,0.0
bert,15,adam,0.001,128,128,last,387,0.6695869837296621,0.0,0.6387195984522501,0.0
bert,15,adam,0.001,512,128,avg,387,0.6695869837296621,0.0,0.6384114869435629,0.0
bert,15,adam,0.001,512,128,max,388,0.6695869837296621,0.0,0.6395929439862569,0.0
bert,15,adam,0.001,512,128,last,387,0.6695869837296621,0.0,0.6398935508728028,0.0
bert,15,sgd,0.1,128,128,avg,376,0.6695869837296621,0.0,0.6411911702156067,0.0
bert,15,sgd,0.1,128,128,max,382,0.6695869837296621,0.0,0.6386502456665039,0.0
bert,15,sgd,0.1,128,128,last,376,0.6695869837296621,0.0,0.6386884156862894,0.0
bert,15,sgd,0.1,512,128,avg,374,0.6695869837296621,0.0,0.6383639653523763,0.0
bert,15,sgd,0.1,512,128,max,377,0.6695869837296621,0.0,0.6395877520243327,0.0
bert,15,sgd,0.1,512,128,last,368,0.6695869837296621,0.0,0.6391357088088989,0.0
bert,15,sgd,0.001,128,128,avg,369,0.8977889027951607,0.8143939393939394,0.264578294356664,0.8681022880215343
bert,15,sgd,0.001,128,128,max,374,0.900709219858156,0.8042929292929293,0.2608720938364665,0.8847222222222222
bert,15,sgd,0.001,128,128,last,378,0.9052982895285774,0.8383838383838383,0.25758888562520343,0.8702490170380078
bert,15,sgd,0.001,512,128,avg,374,0.9040467250730079,0.8434343434343434,0.25629187961419425,0.8630490956072352
bert,15,sgd,0.001,512,128,max,375,0.9002920317062996,0.8169191919191919,0.2586954818169276,0.873144399460189
bert,15,sgd,0.001,512,128,last,372,0.9061326658322904,0.8106060606060606,0.25253578801949816,0.895397489539749
bert_cnn,5,adam,0.1,128,128,avg,131,0.6695869837296621,0.0,0.7191003282864888,0.0
bert_cnn,5,adam,0.1,128,128,max,132,0.6695869837296621,0.0,0.6528473440806071,0.0
bert_cnn,5,adam,0.1,128,128,last,133,0.6695869837296621,0.0,0.6461276857058207,0.0
bert_cnn,5,adam,0.1,512,128,avg,133,0.6695869837296621,0.0,0.6403854672114054,0.0
bert_cnn,5,adam,0.1,512,128,max,133,0.6695869837296621,0.0,0.6425285108884176,0.0
bert_cnn,5,adam,0.1,512,128,last,132,0.6695869837296621,0.0,0.6421562314033509,0.0
bert_cnn,5,adam,0.001,128,128,avg,135,0.6695869837296621,0.0,0.638936398824056,0.0
bert_cnn,5,adam,0.001,128,128,max,135,0.6695869837296621,0.0,0.6396433154741923,0.0
bert_cnn,5,adam,0.001,128,128,last,132,0.6695869837296621,0.0,0.6384629027048747,0.0
bert_cnn,5,adam,0.001,512,128,avg,133,0.6695869837296621,0.0,0.6402716684341431,0.0
bert_cnn,5,adam,0.001,512,128,max,133,0.6695869837296621,0.0,0.6410885842641195,0.0
bert_cnn,5,adam,0.001,512,128,last,133,0.6695869837296621,0.0,0.6395176768302917,0.0
bert_cnn,5,sgd,0.1,128,128,avg,118,0.6695869837296621,0.0,nan,0.0
bert_cnn,5,sgd,0.1,128,128,max,116,0.6695869837296621,0.0,nan,0.0
bert_cnn,5,sgd,0.1,128,128,last,116,0.6695869837296621,0.0,nan,0.0
bert_cnn,5,sgd,0.1,512,128,avg,115,0.6695869837296621,0.0,nan,0.0
bert_cnn,5,sgd,0.1,512,128,max,116,0.6695869837296621,0.0,nan,0.0
bert_cnn,5,sgd,0.1,512,128,last,116,0.6695869837296621,0.0,nan,0.0
bert_cnn,5,sgd,0.001,128,128,avg,124,0.885273258239466,0.7575757575757576,0.3291089244683584,0.8784773060029283
bert_cnn,5,sgd,0.001,128,128,max,125,0.8840216937838965,0.7916666666666666,0.3264850705862045,0.8472972972972973
bert_cnn,5,sgd,0.001,128,128,last,125,0.8831873174801835,0.7664141414141414,0.3331364729007085,0.8646723646723646
bert_cnn,5,sgd,0.001,512,128,avg,125,0.8865248226950354,0.7765151515151515,0.32485979358355205,0.8661971830985915
bert_cnn,5,sgd,0.001,512,128,max,126,0.885273258239466,0.8005050505050505,0.3324538846810659,0.844207723035952
bert_cnn,5,sgd,0.001,512,128,last,125,0.8831873174801835,0.7689393939393939,0.3443039286136627,0.8626062322946175
bert_cnn,15,adam,0.1,128,128,avg,389,0.6695869837296621,0.0,0.6381577626864116,0.0
bert_cnn,15,adam,0.1,128,128,max,388,0.6695869837296621,0.0,0.6478637512524923,0.0
bert_cnn,15,adam,0.1,128,128,last,387,0.6695869837296621,0.0,0.6428763659795126,0.0
bert_cnn,15,adam,0.1,512,128,avg,387,0.6695869837296621,0.0,0.678642205397288,0.0
bert_cnn,15,adam,0.1,512,128,max,388,0.6695869837296621,0.0,0.657034547328949,0.0
bert_cnn,15,adam,0.1,512,128,last,387,0.6695869837296621,0.0,0.6443626999855041,0.0
bert_cnn,15,adam,0.001,128,128,avg,388,0.6695869837296621,0.0,0.6390694769223532,0.0
bert_cnn,15,adam,0.001,128,128,max,390,0.6695869837296621,0.0,0.6392157220840454,0.0
bert_cnn,15,adam,0.001,128,128,last,389,0.6695869837296621,0.0,0.6404494420687358,0.0
bert_cnn,15,adam,0.001,512,128,avg,390,0.6695869837296621,0.0,0.6391248067220052,0.0
bert_cnn,15,adam,0.001,512,128,max,391,0.6695869837296621,0.0,0.6402928884824117,0.0
bert_cnn,15,adam,0.001,512,128,last,389,0.6695869837296621,0.0,0.6401928496360779,0.0
bert_cnn,15,sgd,0.1,128,128,avg,343,0.6695869837296621,0.0,nan,0.0
bert_cnn,15,sgd,0.1,128,128,max,366,0.7989153108051731,0.5833333333333334,0.53490558385849,0.752442996742671
bert_cnn,15,sgd,0.1,128,128,last,342,0.6695869837296621,0.0,nan,0.0
bert_cnn,15,sgd,0.1,512,128,avg,339,0.6695869837296621,0.0,nan,0.0
bert_cnn,15,sgd,0.1,512,128,max,340,0.6695869837296621,0.0,nan,0.0
bert_cnn,15,sgd,0.1,512,128,last,339,0.6695869837296621,0.0,nan,0.0
bert_cnn,15,sgd,0.001,128,128,avg,366,0.9011264080100125,0.8497474747474747,0.25492819090684254,0.8508217446270544
bert_cnn,15,sgd,0.001,128,128,max,369,0.9027951606174385,0.7904040404040404,0.25825811803340915,0.9033189033189033
bert_cnn,15,sgd,0.001,128,128,last,369,0.8994576554025866,0.8106060606060606,0.2658476740121841,0.8758526603001364
bert_cnn,15,sgd,0.001,512,128,avg,370,0.901543596161869,0.821969696969697,0.26273996313412984,0.8726541554959786
bert_cnn,15,sgd,0.001,512,128,max,370,0.901543596161869,0.8345959595959596,0.2605269640684128,0.8629242819843342
bert_cnn,15,sgd,0.001,512,128,last,369,0.8990404672507301,0.8320707070707071,0.2688624938329061,0.8580729166666666
rnn,5,adam,0.1,128,128,avg,4,0.7943262411347518,0.5896464646464646,0.4758091946442922,0.7354330708661417
rnn,5,adam,0.1,128,128,max,3,0.6695869837296621,0.0,0.6898947183291118,0.0
rnn,5,adam,0.1,128,128,last,3,0.590738423028786,0.43686868686868685,0.7395860099792481,0.3927355278093076
rnn,5,adam,0.1,512,128,avg,6,0.8035043804755945,0.5795454545454546,0.4887066348393758,0.7688442211055276
rnn,5,adam,0.1,512,128,max,6,0.6695869837296621,0.0025252525252525255,5.7011759503682455,0.5
rnn,5,adam,0.1,512,128,last,6,0.5556946182728411,0.4494949494949495,1.1215170542399089,0.3614213197969543
rnn,5,adam,0.001,128,128,avg,3,0.8856904463913224,0.797979797979798,0.31640964925289156,0.8471849865951743
rnn,5,adam,0.001,128,128,max,3,0.8877763871506049,0.8017676767676768,0.28490164240201316,0.8500669344042838
rnn,5,adam,0.001,128,128,last,3,0.6445556946182729,0.04924242424242424,0.6015365886688232,0.2826086956521739
rnn,5,adam,0.001,512,128,avg,6,0.8727576136837714,0.7133838383838383,0.2939851486682892,0.8786936236391913
rnn,5,adam,0.001,512,128,max,6,0.8823529411764706,0.7146464646464646,0.22005986193815866,0.909967845659164
rnn,5,adam,0.001,512,128,last,6,0.6554025865665415,0.08207070707070707,0.5964451531569163,0.39634146341463417
rnn,5,sgd,0.1,128,128,avg,3,0.8335419274092616,0.6868686868686869,0.42985970854759215,0.7827338129496403
rnn,5,sgd,0.1,128,128,max,3,0.8581560283687943,0.6401515151515151,0.34007233957449595,0.902135231316726
rnn,5,sgd,0.1,128,128,last,3,0.656654151022111,0.03535353535353535,0.6175585412979125,0.3218390804597701
rnn,5,sgd,0.1,512,128,avg,6,0.8652482269503546,0.7310606060606061,0.3610445922613144,0.8403483309143687
rnn,5,sgd,0.1,512,128,max,6,0.8886107634543179,0.8207070707070707,0.2932617608706156,0.8387096774193549
rnn,5,sgd,0.1,512,128,last,6,0.637880684188569,0.09343434343434344,0.6038587776819865,0.33035714285714285
rnn,5,sgd,0.001,128,128,avg,3,0.6691697955778055,0.0025252525252525255,0.6595398680369059,0.4
rnn,5,sgd,0.001,128,128,max,3,0.6700041718815186,0.0012626262626262627,0.6322608200709025,1.0
rnn,5,sgd,0.001,128,128,last,3,0.6057571964956195,0.09595959595959595,0.6701311039924621,0.24918032786885247
rnn,5,sgd,0.001,512,128,avg,6,0.6716729244889446,0.007575757575757576,0.6352277596791586,0.8571428571428571
rnn,5,sgd,0.001,512,128,max,6,0.6695869837296621,0.0,0.6133854770660401,0.0
rnn,5,sgd,0.001,512,128,last,6,0.6145181476846058,0.08964646464646464,0.6585583225886027,0.2591240875912409
rnn,15,adam,0.1,128,128,avg,9,0.7613683771380892,0.5997474747474747,0.5171358215808869,0.6506849315068494
rnn,15,adam,0.1,128,128,max,9,0.6695869837296621,0.0,0.7830521392822266,0.0
rnn,15,adam,0.1,128,128,last,9,0.609511889862328,0.32702020202020204,0.761654965877533,0.39123867069486407
rnn,15,adam,0.1,512,128,avg,19,0.7509386733416771,0.7613636363636364,0.6334582988421122,0.5964391691394659
rnn,15,adam,0.1,512,128,max,19,0.6695869837296621,0.0,3.507694424788157,0.0
rnn,15,adam,0.1,512,128,last,19,0.5940759282436379,0.3207070707070707,1.2507377298672995,0.3686502177068215
rnn,15,adam,0.001,128,128,avg,9,0.8765123070504798,0.7916666666666666,0.2534779973824819,0.8271767810026385
rnn,15,adam,0.001,128,128,max,9,0.8811013767209012,0.73989898989899,0.17130894879500072,0.881203007518797
rnn,15,adam,0.001,128,128,last,9,0.6537338339591156,0.07828282828282829,0.5713431517283122,0.38271604938271603
rnn,15,adam,0.001,512,128,avg,19,0.8848560700876095,0.773989898989899,0.26824243406454723,0.8633802816901408
rnn,15,adam,0.001,512,128,max,19,0.8656654151022111,0.7853535353535354,0.04549136603871981,0.8036175710594315
rnn,15,adam,0.001,512,128,last,19,0.6503963287442637,0.07702020202020202,0.5803080280621846,0.3630952380952381
rnn,15,sgd,0.1,128,128,avg,9,0.8573216520650814,0.6755050505050505,0.38512619813283283,0.8629032258064516
rnn,15,sgd,0.1,128,128,max,9,0.8723404255319149,0.6717171717171717,0.24933584690093993,0.9204152249134948
rnn,15,sgd,0.1,128,128,last,9,0.6528994576554026,0.04292929292929293,0.6053226816654206,0.3148148148148148
rnn,15,sgd,0.1,512,128,avg,18,0.8765123070504798,0.797979797979798,0.3206951598326365,0.8229166666666666
rnn,15,sgd,0.1,512,128,max,18,0.885273258239466,0.7714646464646465,0.16163160254557926,0.8666666666666667
rnn,15,sgd,0.1,512,128,last,18,0.6503963287442637,0.06439393939393939,0.5906443158785503,0.34459459459459457
rnn,15,sgd,0.001,128,128,avg,9,0.6695869837296621,0.0,0.628708681265513,0.0
rnn,15,sgd,0.001,128,128,max,9,0.6695869837296621,0.0,0.6184667793909708,0.0
rnn,15,sgd,0.001,128,128,last,9,0.6516478931998331,0.021464646464646464,0.6467185815175375,0.22077922077922077
rnn,15,sgd,0.001,512,128,avg,18,0.6708385481852316,0.003787878787878788,0.5967551962534586,1.0
rnn,15,sgd,0.001,512,128,max,18,0.7050479766374635,0.11868686868686869,0.5679922620455424,0.912621359223301
rnn,15,sgd,0.001,512,128,last,18,0.6583229036295369,0.027777777777777776,0.631406622727712,0.30985915492957744
bert_lstm,5,adam,0.1,128,128,avg,122,0.6695869837296621,0.0,1.5066373499234518,0.0
bert_lstm,5,adam,0.1,128,128,max,127,0.6695869837296621,0.0,1.304465456008911,0.0
bert_lstm,5,adam,0.1,128,128,last,131,0.6695869837296621,0.0,3.9021176966031392,0.0
bert_lstm,5,adam,0.1,512,128,avg,131,0.6695869837296621,0.0,1.4147353990872702,0.0
bert_lstm,5,adam,0.1,512,128,max,133,0.6695869837296621,0.0,0.9489145445823669,0.0
bert_lstm,5,adam,0.1,512,128,last,133,0.6695869837296621,0.0,1.5367875464757283,0.0
bert_lstm,5,adam,0.001,128,128,avg,133,0.6695869837296621,0.0,0.638866457939148,0.0
bert_lstm,5,adam,0.001,128,128,max,134,0.6695869837296621,0.0,0.6381560103098551,0.0
bert_lstm,5,adam,0.001,128,128,last,133,0.6695869837296621,0.0,0.6377753146489461,0.0
bert_lstm,5,adam,0.001,512,128,avg,133,0.6695869837296621,0.0,0.638134773572286,0.0
bert_lstm,5,adam,0.001,512,128,max,134,0.6695869837296621,0.0,0.6377365676561991,0.0
bert_lstm,5,adam,0.001,512,128,last,134,0.6695869837296621,0.0,0.6376995285352071,0.0
bert_lstm,5,sgd,0.1,128,128,avg,126,0.9052982895285774,0.8080808080808081,0.2360442445675532,0.8951048951048951
bert_lstm,5,sgd,0.1,128,128,max,126,0.901543596161869,0.797979797979798,0.23080214679241182,0.8926553672316384
bert_lstm,5,sgd,0.1,128,128,last,126,0.6695869837296621,0.0,0.6376772610346476,0.0
bert_lstm,5,sgd,0.1,512,128,avg,127,0.9090529828952858,0.8106060606060606,0.22445069273312887,0.9042253521126761
bert_lstm,5,sgd,0.1,512,128,max,127,0.9044639132248644,0.8484848484848485,0.2403928820292155,0.8604353393085787
bert_lstm,5,sgd,0.1,512,128,last,127,0.9061326658322904,0.8244949494949495,0.2357942004998525,0.8836265223274695
bert_lstm,5,sgd,0.001,128,128,avg,126,0.8264497288277013,0.5883838383838383,0.523343046506246,0.8381294964028777
bert_lstm,5,sgd,0.001,128,128,max,127,0.8064246975385899,0.48737373737373735,0.5403727475802104,0.8693693693693694
bert_lstm,5,sgd,0.001,128,128,last,127,0.8293700458906967,0.6136363636363636,0.4803999261061351,0.8251273344651953
bert_lstm,5,sgd,0.001,512,128,avg,127,0.8410513141426783,0.6161616161616161,0.5176759290695191,0.863716814159292
bert_lstm,5,sgd,0.001,512,128,max,127,0.7642886942010847,0.31565656565656564,0.5649526158968607,0.9157509157509157
bert_lstm,5,sgd,0.001,512,128,last,127,0.7934918648310388,0.46085858585858586,0.5422089874744416,0.8429561200923787
bert_lstm,15,adam,0.1,128,128,avg,396,0.3304130162703379,1.0,1.544578230381012,0.3304130162703379
bert_lstm,15,adam,0.1,128,128,max,388,0.6695869837296621,0.0,2.3432057460149127,0.0
bert_lstm,15,adam,0.1,128,128,last,394,0.3304130162703379,1.0,0.938336374759674,0.3304130162703379
bert_lstm,15,adam,0.1,512,128,avg,395,0.6695869837296621,0.0,2.2755460953712463,0.0
bert_lstm,15,adam,0.1,512,128,max,395,0.6695869837296621,0.0,0.9754696218172709,0.0
bert_lstm,15,adam,0.1,512,128,last,392,0.6695869837296621,0.0,0.9149676219622294,0.0
bert_lstm,15,adam,0.001,128,128,avg,396,0.6695869837296621,0.0,0.6375616693496704,0.0
bert_lstm,15,adam,0.001,128,128,max,398,0.6695869837296621,0.0,0.6380026547114054,0.0
bert_lstm,15,adam,0.001,128,128,last,397,0.6695869837296621,0.0,0.6381788269678752,0.0
bert_lstm,15,adam,0.001,512,128,avg,397,0.6695869837296621,0.0,0.6374331601460774,0.0
bert_lstm,15,adam,0.001,512,128,max,398,0.6695869837296621,0.0,0.6376204021771749,0.0
bert_lstm,15,adam,0.001,512,128,last,397,0.6695869837296621,0.0,0.637977774143219,0.0
bert_lstm,15,sgd,0.1,128,128,avg,376,0.8836045056320401,0.7310606060606061,0.09653873222569624,0.8976744186046511
bert_lstm,15,sgd,0.1,128,128,max,376,0.6695869837296621,0.0,0.6383152890205384,0.0
bert_lstm,15,sgd,0.1,128,128,last,375,0.8890279516061744,0.8156565656565656,0.10122180983424187,0.8433420365535248
bert_lstm,15,sgd,0.1,512,128,avg,376,0.8819357530246141,0.8926767676767676,0.3794543470939,0.7812154696132597
bert_lstm,15,sgd,0.1,512,128,max,376,0.6695869837296621,0.0,0.63834042151769,0.0
bert_lstm,15,sgd,0.1,512,128,last,375,0.6695869837296621,0.0,0.6382669814427694,0.0
bert_lstm,15,sgd,0.001,128,128,avg,375,0.8936170212765957,0.7840909090909091,0.29566362758477527,0.8808510638297873
bert_lstm,15,sgd,0.001,128,128,max,376,0.8923654568210263,0.827020202020202,0.3031341588497162,0.8440721649484536
bert_lstm,15,sgd,0.001,128,128,last,374,0.8931998331247393,0.797979797979798,0.299916366537412,0.8681318681318682
bert_lstm,15,sgd,0.001,512,128,avg,375,0.8915310805173133,0.8345959595959596,0.2946808667977651,0.8367088607594937
bert_lstm,15,sgd,0.001,512,128,max,375,0.8944513975803087,0.7777777777777778,0.2989982324838638,0.8888888888888888
bert_lstm,15,sgd,0.001,512,128,last,374,0.8919482686691698,0.8181818181818182,0.30351408183574674,0.8492791612057667
fast_text,5,adam,0.1,128,128,avg,3,0.8619107217355028,0.8282828282828283,0.3222318232059479,0.7708578143360753
fast_text,5,adam,0.1,128,128,max,3,0.8485607008760951,0.6590909090909091,0.363754455447197,0.848780487804878
fast_text,5,adam,0.1,128,128,last,3,0.6124322069253233,0.09722222222222222,0.9136668499310812,0.2646048109965636
fast_text,5,adam,0.1,512,128,avg,3,0.8456403838130997,0.6565656565656566,0.5497227684656779,0.8414239482200647
fast_text,5,adam,0.1,512,128,max,3,0.7947434292866082,0.8472222222222222,0.5745242576797803,0.6439539347408829
fast_text,5,adam,0.1,512,128,last,3,0.6253650396328744,0.06691919191919192,2.4886396312713623,0.25
fast_text,5,adam,0.001,128,128,avg,2,0.8723404255319149,0.7474747474747475,0.349201180934906,0.8481375358166189
fast_text,5,adam,0.001,128,128,max,3,0.8231122236128494,0.5782828282828283,0.40280025800069175,0.8357664233576643
fast_text,5,adam,0.001,128,128,last,3,0.6533166458072591,0.03156565656565657,0.6005404202143351,0.2808988764044944
fast_text,5,adam,0.001,512,128,avg,3,0.8898623279098874,0.7853535353535354,0.30143520116806033,0.8687150837988827
fast_text,5,adam,0.001,512,128,max,3,0.871506049228202,0.7891414141414141,0.3345954243342082,0.8159268929503917
fast_text,5,adam,0.001,512,128,last,2,0.6612432206925324,0.050505050505050504,0.5811826821168263,0.4
fast_text,5,sgd,0.1,128,128,avg,2,0.8139340842720066,0.5643939393939394,0.4629021410147349,0.8156934306569343
fast_text,5,sgd,0.1,128,128,max,3,0.8297872340425532,0.7247474747474747,2.1824731636047363,0.7513089005235603
fast_text,5,sgd,0.1,128,128,last,3,0.6528994576554026,0.04671717171717172,0.6241980441411337,0.32456140350877194
fast_text,5,sgd,0.1,512,128,avg,3,0.8589904046725073,0.7007575757575758,0.3756116338570913,0.8460365853658537
fast_text,5,sgd,0.1,512,128,max,2,0.4030037546933667,0.9936868686868687,7.507024564743042,0.35562584726615454
fast_text,5,sgd,0.1,512,128,last,3,0.6499791405924071,0.056818181818181816,0.6058543439706167,0.3284671532846715
fast_text,5,sgd,0.001,128,128,avg,2,0.6679182311222361,0.050505050505050504,0.6440752164522807,0.47619047619047616
fast_text,5,sgd,0.001,128,128,max,3,0.6812682519816438,0.13005050505050506,0.6087962476412455,0.5786516853932584
fast_text,5,sgd,0.001,128,128,last,3,0.6057571964956195,0.09722222222222222,0.6740988357861837,0.250814332247557
fast_text,5,sgd,0.001,512,128,avg,3,0.6946182728410513,0.08964646464646464,0.6288894367218018,0.8658536585365854
fast_text,5,sgd,0.001,512,128,max,3,0.7580308719232374,0.32702020202020204,0.5178225255012512,0.8464052287581699
fast_text,5,sgd,0.001,512,128,last,2,0.5903212348769294,0.08838383838383838,0.6775720834732055,0.21212121212121213
fast_text,15,adam,0.1,128,128,avg,8,0.8577388402169378,0.7828282828282829,0.3068741978208224,0.7858048162230672
fast_text,15,adam,0.1,128,128,max,8,0.8285356695869838,0.803030303030303,0.32481204544504483,0.7138047138047138
fast_text,15,adam,0.1,128,128,last,8,0.622444722569879,0.06944444444444445,0.9841005237897237,0.24663677130044842
fast_text,15,adam,0.1,512,128,avg,8,0.8356278681685441,0.7904040404040404,0.655196605126063,0.7330210772833724
fast_text,15,adam,0.1,512,128,max,8,0.8368794326241135,0.577020202020202,1.03271598726511,0.8908382066276803
fast_text,15,adam,0.1,512,128,last,8,0.6207759699624531,0.10353535353535354,2.623272933959961,0.2918149466192171
fast_text,15,adam,0.001,128,128,avg,8,0.8865248226950354,0.7866161616161617,0.26612109124660493,0.8581267217630854
fast_text,15,adam,0.001,128,128,max,8,0.8811013767209012,0.7891414141414141,0.2762835144996643,0.8411843876177658
fast_text,15,adam,0.001,128,128,last,8,0.6516478931998331,0.050505050505050504,0.5681321374575297,0.3252032520325203
fast_text,15,adam,0.001,512,128,avg,8,0.8790154359616187,0.7891414141414141,0.24557466546694437,0.8355614973262032
fast_text,15,adam,0.001,512,128,max,8,0.885273258239466,0.7537878787878788,0.22338906556367874,0.8818316100443131
fast_text,15,adam,0.001,512,128,last,8,0.6549853984146851,0.056818181818181816,0.566610525449117,0.36
fast_text,15,sgd,0.1,128,128,avg,8,0.8385481852315394,0.6578282828282829,0.41534585555394493,0.8178963893249608
fast_text,15,sgd,0.1,128,128,max,9,0.7788902795160617,0.8863636363636364,1.5602918712298075,0.6147110332749562
fast_text,15,sgd,0.1,128,128,last,9,0.6570713391739674,0.045454545454545456,0.6209925254185994,0.35294117647058826
fast_text,15,sgd,0.1,512,128,avg,8,0.8685857321652065,0.7310606060606061,0.33989073117574053,0.8502202643171806
fast_text,15,sgd,0.1,512,128,max,8,0.7743012098456404,0.9090909090909091,4.247971636454264,0.6055508830950378
fast_text,15,sgd,0.1,512,128,last,8,0.6570713391739674,0.050505050505050504,0.5926373974482219,0.36363636363636365
fast_text,15,sgd,0.001,128,128,avg,9,0.6829370045890697,0.07828282828282829,0.6113102467854817,0.6739130434782609
fast_text,15,sgd,0.001,128,128,max,9,0.7425949103045474,0.3181818181818182,0.5385636540253957,0.7659574468085106
fast_text,15,sgd,0.001,128,128,last,9,0.6028368794326241,0.06691919191919192,0.6561672695477804,0.19924812030075187
fast_text,15,sgd,0.001,512,128,avg,8,0.7196495619524406,0.16287878787878787,0.5652013381322225,0.9347826086956522
fast_text,15,sgd,0.001,512,128,max,8,0.7930746766791823,0.49242424242424243,0.4568080433209737,0.8057851239669421
fast_text,15,sgd,0.001,512,128,last,8,0.6261994159365875,0.050505050505050504,0.629023265838623,0.21739130434782608
bert_mid_layer,5,adam,0.1,128,128,avg,119,0.6695869837296621,0.0,0.6425055185953776,0.0
bert_mid_layer,5,adam,0.1,128,128,max,125,0.6695869837296621,0.0,0.6594800066947937,0.0
bert_mid_layer,5,adam,0.1,128,128,last,126,0.6695869837296621,0.0,0.6881170972188314,0.0
bert_mid_layer,5,adam,0.1,512,128,avg,128,0.6695869837296621,0.0,0.6435771338144938,0.0
bert_mid_layer,5,adam,0.1,512,128,max,128,0.6695869837296621,0.0,0.6747762393951416,0.0
bert_mid_layer,5,adam,0.1,512,128,last,128,0.6695869837296621,0.0,0.665440673828125,0.0
bert_mid_layer,5,adam,0.001,128,128,avg,129,0.6695869837296621,0.0,0.6469867610931397,0.0
bert_mid_layer,5,adam,0.001,128,128,max,129,0.3304130162703379,1.0,0.6447439177831014,0.3304130162703379
bert_mid_layer,5,adam,0.001,128,128,last,129,0.6695869837296621,0.0,0.6414790487289429,0.0
bert_mid_layer,5,adam,0.001,512,128,avg,129,0.6695869837296621,0.0,0.6398712015151977,0.0
bert_mid_layer,5,adam,0.001,512,128,max,129,0.3304130162703379,1.0,0.6453449296951294,0.3304130162703379
bert_mid_layer,5,adam,0.001,512,128,last,129,0.6695869837296621,0.0,0.6444785324732463,0.0
bert_mid_layer,5,sgd,0.1,128,128,avg,122,0.6695869837296621,0.0,0.6453935933113099,0.0
bert_mid_layer,5,sgd,0.1,128,128,max,122,0.3304130162703379,1.0,0.6550358311335246,0.3304130162703379
bert_mid_layer,5,sgd,0.1,128,128,last,121,0.6695869837296621,0.0,0.6803908697764078,0.0
bert_mid_layer,5,sgd,0.1,512,128,avg,115,0.6695869837296621,0.0,nan,0.0
bert_mid_layer,5,sgd,0.1,512,128,max,121,0.3304130162703379,1.0,0.6494391393661499,0.3304130162703379
bert_mid_layer,5,sgd,0.1,512,128,last,122,0.6695869837296621,0.0,0.652118870417277,0.0
bert_mid_layer,5,sgd,0.001,128,128,avg,122,0.8944513975803087,0.8017676767676768,0.2981477302312851,0.8686730506155951
bert_mid_layer,5,sgd,0.001,128,128,max,122,0.8948685857321652,0.7954545454545454,0.3093763850132624,0.875
bert_mid_layer,5,sgd,0.001,128,128,last,122,0.8923654568210263,0.8156565656565656,0.3138536568482717,0.8522427440633246
bert_mid_layer,5,sgd,0.001,512,128,avg,122,0.8944513975803087,0.8295454545454546,0.29522293468316396,0.847741935483871
bert_mid_layer,5,sgd,0.001,512,128,max,122,0.8994576554025866,0.821969696969697,0.30776729464530944,0.8668442077230359
bert_mid_layer,5,sgd,0.001,512,128,last,122,0.8931998331247393,0.7967171717171717,0.31140578965346016,0.8691460055096418
bert_mid_layer,15,adam,0.1,128,128,avg,381,0.6695869837296621,0.0,0.6447835119565328,0.0
bert_mid_layer,15,adam,0.1,128,128,max,382,0.6695869837296621,0.0,0.6801302353541057,0.0
bert_mid_layer,15,adam,0.1,128,128,last,382,0.6695869837296621,0.0,0.738405307928721,0.0
bert_mid_layer,15,adam,0.1,512,128,avg,382,0.6695869837296621,0.0,0.649777619043986,0.0
bert_mid_layer,15,adam,0.1,512,128,max,381,0.6695869837296621,0.0,0.6788173421223959,0.0
bert_mid_layer,15,adam,0.1,512,128,last,381,0.6695869837296621,0.0,0.7125078733762106,0.0
bert_mid_layer,15,adam,0.001,128,128,avg,382,0.6695869837296621,0.0,0.638666213353475,0.0
bert_mid_layer,15,adam,0.001,128,128,max,383,0.3304130162703379,1.0,0.6400429097811381,0.3304130162703379
bert_mid_layer,15,adam,0.001,128,128,last,383,0.6695869837296621,0.0,0.6395134019851685,0.0
bert_mid_layer,15,adam,0.001,512,128,avg,383,0.6695869837296621,0.0,0.638089672724406,0.0
bert_mid_layer,15,adam,0.001,512,128,max,383,0.6695869837296621,0.0,0.6418309434254964,0.0
bert_mid_layer,15,adam,0.001,512,128,last,383,0.6695869837296621,0.0,0.641959433555603,0.0
bert_mid_layer,15,sgd,0.1,128,128,avg,361,0.6695869837296621,0.0,0.6391510430971782,0.0
bert_mid_layer,15,sgd,0.1,128,128,max,361,0.3304130162703379,1.0,0.6429646571477254,0.3304130162703379
bert_mid_layer,15,sgd,0.1,128,128,last,361,0.6695869837296621,0.0,0.6504848909378051,0.0
bert_mid_layer,15,sgd,0.1,512,128,avg,336,0.6695869837296621,0.0,nan,0.0
bert_mid_layer,15,sgd,0.1,512,128,max,360,0.6695869837296621,0.0,0.6426265541712443,0.0
bert_mid_layer,15,sgd,0.1,512,128,last,361,0.6695869837296621,0.0,0.6515729689598083,0.0
bert_mid_layer,15,sgd,0.001,128,128,avg,362,0.8982060909470171,0.7992424242424242,0.2489695722858111,0.8816155988857939
bert_mid_layer,15,sgd,0.001,128,128,max,362,0.9040467250730079,0.8522727272727273,0.24742867092291515,0.8565989847715736
bert_mid_layer,15,sgd,0.001,128,128,last,361,0.9044639132248644,0.8244949494949495,0.2582904102404912,0.8788694481830417
bert_mid_layer,15,sgd,0.001,512,128,avg,362,0.9011264080100125,0.8295454545454546,0.2525141712029775,0.8656126482213439
bert_mid_layer,15,sgd,0.001,512,128,max,362,0.9061326658322904,0.8169191919191919,0.24825527409712472,0.889958734525447
bert_mid_layer,15,sgd,0.001,512,128,last,361,0.9044639132248644,0.8472222222222222,0.2580260632435481,0.8613607188703466
gated_cnn,5,adam,0.1,128,128,avg,3,0.8719232373800584,0.7853535353535354,0.23850533684094746,0.8194993412384717
gated_cnn,5,adam,0.1,128,128,max,3,0.6666666666666666,0.021464646464646464,1.4752925284703573,0.4146341463414634
gated_cnn,5,adam,0.1,128,128,last,3,0.6287025448477264,0.09974747474747475,20.244965909322104,0.30859375
gated_cnn,5,adam,0.1,512,128,avg,6,0.5527743012098456,0.9444444444444444,2.9368894044558207,0.42117117117117114
gated_cnn,5,adam,0.1,512,128,max,6,0.7922403003754693,0.678030303030303,58.72410124460856,0.6884615384615385
gated_cnn,5,adam,0.1,512,128,last,6,0.6111806424697539,0.13005050505050506,492.4376985677083,0.2976878612716763
gated_cnn,5,adam,0.001,128,128,avg,3,0.8927826449728827,0.7891414141414141,0.2592887355883916,0.8741258741258742
gated_cnn,5,adam,0.001,128,128,max,3,0.8915310805173133,0.7891414141414141,0.13501549194256465,0.8704735376044568
gated_cnn,5,adam,0.001,128,128,last,3,0.6591572799332499,0.07954545454545454,0.5555844759941101,0.41721854304635764
gated_cnn,5,adam,0.001,512,128,avg,6,0.86816854401335,0.821969696969697,0.17632368087768555,0.788135593220339
gated_cnn,5,adam,0.001,512,128,max,6,0.8802670004171882,0.8042929292929293,0.053246939728657405,0.8283485045513654
gated_cnn,5,adam,0.001,512,128,last,6,0.6570713391739674,0.06565656565656566,0.5245602401097615,0.3880597014925373
gated_cnn,5,sgd,0.1,128,128,avg,2,0.836462244472257,0.6426767676767676,0.4198621300856272,0.8236245954692557
gated_cnn,5,sgd,0.1,128,128,max,3,0.8877763871506049,0.8169191919191919,0.23155519624551138,0.8391699092088197
gated_cnn,5,sgd,0.1,128,128,last,2,0.6599916562369629,0.036616161616161616,0.6034900379180909,0.35802469135802467
gated_cnn,5,sgd,0.1,512,128,avg,5,0.8811013767209012,0.7702020202020202,0.3438079067071279,0.8555399719495091
gated_cnn,5,sgd,0.1,512,128,max,5,0.8919482686691698,0.7916666666666666,0.11167910595734915,0.869625520110957
gated_cnn,5,sgd,0.1,512,128,last,5,0.6595744680851063,0.06439393939393939,0.57849524974823,0.40476190476190477
gated_cnn,5,sgd,0.001,128,128,avg,2,0.639549436795995,0.14393939393939395,0.686029794216156,0.38
gated_cnn,5,sgd,0.001,128,128,max,3,0.6741760534000835,0.013888888888888888,0.6014622688293457,1.0
gated_cnn,5,sgd,0.001,128,128,last,3,0.6303712974551523,0.06439393939393939,0.6706825629870097,0.2602040816326531
gated_cnn,5,sgd,0.001,512,128,avg,5,0.6691697955778055,0.0,0.64758828719457,0.0
gated_cnn,5,sgd,0.001,512,128,max,5,0.7146433041301627,0.15025252525252525,0.5530903108914693,0.9153846153846154
gated_cnn,5,sgd,0.001,512,128,last,5,0.6353775552774301,0.05303030303030303,0.6637535842259725,0.25301204819277107
gated_cnn,15,adam,0.1,128,128,avg,8,0.8164372131831455,0.7803030303030303,4.47675922870636,0.6990950226244343
gated_cnn,15,adam,0.1,128,128,max,8,0.7158948685857321,0.16161616161616163,0.6405446418126424,0.8827586206896552
gated_cnn,15,adam,0.1,128,128,last,8,0.6403838130997079,0.12247474747474747,22.38359104792277,0.36742424242424243
gated_cnn,15,adam,0.1,512,128,avg,17,0.8168544013350021,0.8320707070707071,189.09815714518228,0.6829015544041451
gated_cnn,15,adam,0.1,512,128,max,17,0.8285356695869838,0.6553030303030303,66.07794873555501,0.7899543378995434
gated_cnn,15,adam,0.1,512,128,last,17,0.6186900292031706,0.10479797979797979,684.2731256103516,0.2881944444444444
gated_cnn,15,adam,0.001,128,128,avg,8,0.8760951188986232,0.7941919191919192,0.09987547894318899,0.8243774574049804
gated_cnn,15,adam,0.001,128,128,max,8,0.8777638715060492,0.8042929292929293,0.00785010529992481,0.8219354838709677
gated_cnn,15,adam,0.001,128,128,last,8,0.6449728827701293,0.09974747474747475,0.47966126561164857,0.3640552995391705
gated_cnn,15,adam,0.001,512,128,avg,17,0.8639966624947851,0.7815656565656566,0.015093134795315565,0.8018134715025906
gated_cnn,15,adam,0.001,512,128,max,17,0.8823529411764706,0.8055555555555556,0.011262027676372478,0.8328981723237598
gated_cnn,15,adam,0.001,512,128,last,17,0.6520650813516896,0.08333333333333333,0.460631666580836,0.3793103448275862
gated_cnn,15,sgd,0.1,128,128,avg,8,0.8731748018356279,0.7373737373737373,0.3542612282435099,0.8588235294117647
gated_cnn,15,sgd,0.1,128,128,max,8,0.8823529411764706,0.7840909090909091,0.04007269891599814,0.8483606557377049
gated_cnn,15,sgd,0.1,128,128,last,8,0.6587400917813934,0.06186868686868687,0.583574120203654,0.3951612903225806
gated_cnn,15,sgd,0.1,512,128,avg,16,0.8894451397580309,0.7954545454545454,0.27494105577468875,0.859481582537517
gated_cnn,15,sgd,0.1,512,128,max,16,0.8927826449728827,0.8080808080808081,0.00911448162359496,0.8590604026845637
gated_cnn,15,sgd,0.1,512,128,last,16,0.6604088443888193,0.08333333333333333,0.5418078982830048,0.42857142857142855
gated_cnn,15,sgd,0.001,128,128,avg,8,0.6695869837296621,0.0,0.63643501440684,0.0
gated_cnn,15,sgd,0.001,128,128,max,8,0.7083854818523154,0.12626262626262627,0.5630817421277364,0.9345794392523364
gated_cnn,15,sgd,0.001,128,128,last,8,0.6604088443888193,0.005050505050505051,0.6494778855641683,0.13333333333333333
gated_cnn,15,sgd,0.001,512,128,avg,16,0.6804338756779308,0.03535353535353535,0.5958559934298198,0.9333333333333333
gated_cnn,15,sgd,0.001,512,128,max,16,0.8160200250312891,0.5542929292929293,0.4388126254081726,0.8330170777988615
gated_cnn,15,sgd,0.001,512,128,last,16,0.6629119732999583,0.011363636363636364,0.6359209640820821,0.2647058823529412
stack_gated_cnn,5,adam,0.1,128,128,avg,3,0.8785982478097623,0.7702020202020202,0.2473248028755188,0.8484005563282336
stack_gated_cnn,5,adam,0.1,128,128,max,3,0.8635794743429287,0.7904040404040404,0.22915870467821756,0.795425667090216
stack_gated_cnn,5,adam,0.1,128,128,last,3,0.5707133917396746,0.8005050505050505,0.5592453018824259,0.4212624584717608
stack_gated_cnn,5,adam,0.1,512,128,avg,7,0.8727576136837714,0.8055555555555556,0.2383859137694041,0.8086185044359949
stack_gated_cnn,5,adam,0.1,512,128,max,7,0.8719232373800584,0.7512626262626263,0.2127016638716062,0.8439716312056738
stack_gated_cnn,5,adam,0.1,512,128,last,7,0.6741760534000835,0.047979797979797977,0.5773525321483612,0.5846153846153846
stack_gated_cnn,5,adam,0.001,128,128,avg,3,0.8856904463913224,0.7891414141414141,0.24308943033218383,0.8538251366120219
stack_gated_cnn,5,adam,0.001,128,128,max,3,0.8982060909470171,0.827020202020202,0.16379867921272914,0.8595800524934383
stack_gated_cnn,5,adam,0.001,128,128,last,3,0.6687526074259491,0.06818181818181818,0.55388569633166,0.4909090909090909
stack_gated_cnn,5,adam,0.001,512,128,avg,7,0.8635794743429287,0.851010101010101,0.15129381984472276,0.7633069082672707
stack_gated_cnn,5,adam,0.001,512,128,max,7,0.8794326241134752,0.8358585858585859,0.04776273603240649,0.8063337393422655
stack_gated_cnn,5,adam,0.001,512,128,last,7,0.6587400917813934,0.07449494949494949,0.5261337812741598,0.4097222222222222
stack_gated_cnn,5,sgd,0.1,128,128,avg,3,0.8468919482686692,0.6931818181818182,0.4110986240704854,0.8157503714710252
stack_gated_cnn,5,sgd,0.1,128,128,max,3,0.8886107634543179,0.7815656565656566,0.31383584419886273,0.8681626928471248
stack_gated_cnn,5,sgd,0.1,128,128,last,3,0.5786399666249479,0.7108585858585859,0.6028330334027608,0.41889880952380953
stack_gated_cnn,5,sgd,0.1,512,128,avg,6,0.8727576136837714,0.726010101010101,0.3670303169886271,0.8672699849170438
stack_gated_cnn,5,sgd,0.1,512,128,max,6,0.8802670004171882,0.7714646464646465,0.2987976801395416,0.8521617852161785
stack_gated_cnn,5,sgd,0.1,512,128,last,6,0.5798915310805173,0.76010101010101,0.6014939554532369,0.42424242424242425
stack_gated_cnn,5,sgd,0.001,128,128,avg,3,0.6733416770963705,0.013888888888888888,0.6292269627253214,0.8461538461538461
stack_gated_cnn,5,sgd,0.001,128,128,max,3,0.706299541093033,0.1919191919191919,0.5778198484579722,0.7037037037037037
stack_gated_cnn,5,sgd,0.001,128,128,last,3,0.6078431372549019,0.08712121212121213,0.6658176898956298,0.24125874125874125
stack_gated_cnn,5,sgd,0.001,512,128,avg,6,0.7008760951188986,0.1717171717171717,0.5871496637662251,0.6903553299492385
stack_gated_cnn,5,sgd,0.001,512,128,max,6,0.7734668335419274,0.4255050505050505,0.4974062709013621,0.7929411764705883
stack_gated_cnn,5,sgd,0.001,512,128,last,6,0.655819774718398,0.023989898989898988,0.6267045331001282,0.2676056338028169
stack_gated_cnn,15,adam,0.1,128,128,avg,9,0.866499791405924,0.7234848484848485,0.1700359970331192,0.8501483679525222
stack_gated_cnn,15,adam,0.1,128,128,max,9,0.8485607008760951,0.7904040404040404,0.12651410296559334,0.7606318347509113
stack_gated_cnn,15,adam,0.1,128,128,last,9,0.6562369628702545,0.07575757575757576,0.5012829844156901,0.39473684210526316
stack_gated_cnn,15,adam,0.1,512,128,avg,21,0.8652482269503546,0.7285353535353535,0.16384515047073364,0.8423357664233576
stack_gated_cnn,15,adam,0.1,512,128,max,21,0.8581560283687943,0.8131313131313131,0.1271899476647377,0.7703349282296651
stack_gated_cnn,15,adam,0.1,512,128,last,21,0.656654151022111,0.07323232323232323,0.5134673742453257,0.3945578231292517
stack_gated_cnn,15,adam,0.001,128,128,avg,9,0.8752607425949103,0.7575757575757576,0.035584689689179265,0.8486562942008486
stack_gated_cnn,15,adam,0.001,128,128,max,9,0.886942010846892,0.8308080808080808,0.012645690571516752,0.8276729559748428
stack_gated_cnn,15,adam,0.001,128,128,last,9,0.6520650813516896,0.09974747474747475,0.47074353098869326,0.395
stack_gated_cnn,15,adam,0.001,512,128,avg,21,0.8748435544430538,0.7651515151515151,0.028944482405980427,0.8416666666666667
stack_gated_cnn,15,adam,0.001,512,128,max,21,0.8881935753024615,0.8181818181818182,0.008235051510855556,0.8393782383419689
stack_gated_cnn,15,adam,0.001,512,128,last,21,0.6545682102628285,0.07323232323232323,0.45219589352607725,0.3815789473684211
stack_gated_cnn,15,sgd,0.1,128,128,avg,9,0.8811013767209012,0.7777777777777778,0.32296668787797295,0.8496551724137931
stack_gated_cnn,15,sgd,0.1,128,128,max,9,0.8919482686691698,0.8143939393939394,0.15202454139788946,0.8520475561426685
stack_gated_cnn,15,sgd,0.1,128,128,last,9,0.6649979140592407,0.022727272727272728,0.5889826563994089,0.3829787234042553
stack_gated_cnn,15,sgd,0.1,512,128,avg,20,0.8735919899874843,0.6994949494949495,0.28230200946331024,0.8949919224555735
stack_gated_cnn,15,sgd,0.1,512,128,max,20,0.8823529411764706,0.7967171717171717,0.06073275456825892,0.839095744680851
stack_gated_cnn,15,sgd,0.1,512,128,last,20,0.5682102628285357,0.7651515151515151,0.5729431915283203,0.41649484536082476
stack_gated_cnn,15,sgd,0.001,128,128,avg,9,0.6808510638297872,0.08838383838383838,0.6022453761100769,0.6194690265486725
stack_gated_cnn,15,sgd,0.001,128,128,max,9,0.769712140175219,0.41035353535353536,0.5037644282976786,0.7926829268292683
stack_gated_cnn,15,sgd,0.001,128,128,last,9,0.6433041301627034,0.04419191919191919,0.6274643079439799,0.2631578947368421
stack_gated_cnn,15,sgd,0.001,512,128,avg,20,0.7630371297455152,0.3648989898989899,0.5202215548356374,0.8163841807909604
stack_gated_cnn,15,sgd,0.001,512,128,max,20,0.8277012932832708,0.6313131313131313,0.41103320678075156,0.8051529790660226
stack_gated_cnn,15,sgd,0.001,512,128,last,20,0.6637463496036713,0.006313131313131313,0.604841661453247,0.20833333333333334
rcnn,5,adam,0.1,128,128,avg,3,0.7909887359198998,0.6477272727272727,0.5451170444488526,0.6979591836734694
rcnn,5,adam,0.1,128,128,max,3,0.7955778055903212,0.5340909090909091,0.565369211435318,0.7775735294117647
rcnn,5,adam,0.1,128,128,last,3,0.6349603671255737,0.15404040404040403,1.1892036286989849,0.3730886850152905
rcnn,5,adam,0.1,512,128,avg,9,0.8035043804755945,0.5694444444444444,0.6430120086669922,0.7762478485370051
rcnn,5,adam,0.1,512,128,max,9,0.7914059240717564,0.4292929292929293,35.3897248840332,0.8762886597938144
rcnn,5,adam,0.1,512,128,last,9,0.541093032957864,0.5075757575757576,6.981251777013143,0.36151079136690645
rcnn,5,adam,0.001,128,128,avg,3,0.8911138923654568,0.803030303030303,0.2931281155347824,0.8582995951417004
rcnn,5,adam,0.001,128,128,max,3,0.8898623279098874,0.8320707070707071,0.21964314758777617,0.8341772151898734
rcnn,5,adam,0.001,128,128,last,3,0.6633291614518148,0.0707070707070707,0.5788676540056864,0.4409448818897638
rcnn,5,adam,0.001,512,128,avg,9,0.8781810596579057,0.8207070707070707,0.2610531077782313,0.8125
rcnn,5,adam,0.001,512,128,max,9,0.8735919899874843,0.7588383838383839,0.17391654193401337,0.8429172510518934
rcnn,5,adam,0.001,512,128,last,9,0.657488527325824,0.1414141414141414,0.5672580750783285,0.4426877470355731
rcnn,5,sgd,0.1,128,128,avg,3,0.8156028368794326,0.6161616161616161,0.44944648186365765,0.7795527156549521
rcnn,5,sgd,0.1,128,128,max,3,0.8823529411764706,0.7676767676767676,0.32780205249786376,0.8611898016997167
rcnn,5,sgd,0.1,128,128,last,3,0.6649979140592407,0.003787878787878788,0.6177774953842163,0.17647058823529413
rcnn,5,sgd,0.1,512,128,avg,9,0.8635794743429287,0.7133838383838383,0.35284272094567615,0.849624060150376
rcnn,5,sgd,0.1,512,128,max,9,0.8986232790988736,0.7752525252525253,0.2560258442163467,0.9042709867452136
rcnn,5,sgd,0.1,512,128,last,9,0.6654151022110972,0.030303030303030304,0.5902918326854706,0.41379310344827586
rcnn,5,sgd,0.001,128,128,avg,3,0.6700041718815186,0.0025252525252525255,0.6801875329017639,0.6666666666666666
rcnn,5,sgd,0.001,128,128,max,3,0.6695869837296621,0.0,0.6309176389376322,0.0
rcnn,5,sgd,0.001,128,128,last,3,0.6604088443888193,0.016414141414141416,0.671588789621989,0.2708333333333333
rcnn,5,sgd,0.001,512,128,avg,9,0.6695869837296621,0.0,0.6614164264996847,0.0
rcnn,5,sgd,0.001,512,128,max,9,0.6695869837296621,0.0,0.620832269191742,0.0
rcnn,5,sgd,0.001,512,128,last,9,0.6687526074259491,0.0012626262626262627,0.6641377782821656,0.25
rcnn,15,adam,0.1,128,128,avg,9,0.8164372131831455,0.7411616161616161,0.7942773338158925,0.7141119221411192
rcnn,15,adam,0.1,128,128,max,9,0.6691697955778055,0.006313131313131313,1.4746047345797222,0.45454545454545453
rcnn,15,adam,0.1,128,128,last,9,0.576136837713809,0.4671717171717172,0.7511907092730205,0.38381742738589214
rcnn,15,adam,0.1,512,128,avg,28,0.7880684188569045,0.6414141414141414,20.096842562357583,0.6939890710382514
rcnn,15,adam,0.1,512,128,max,28,0.7279933249895703,0.5492424242424242,64.77143280029297,0.5958904109589042
rcnn,15,adam,0.1,512,128,last,28,0.5490196078431373,0.5303030303030303,9.055733521779379,0.3720106288751107
rcnn,15,adam,0.001,128,128,avg,9,0.8765123070504798,0.7777777777777778,0.1938348591327667,0.8369565217391305
rcnn,15,adam,0.001,128,128,max,9,0.8898623279098874,0.797979797979798,0.024410732661684354,0.8586956521739131
rcnn,15,adam,0.001,128,128,last,9,0.6533166458072591,0.09595959595959595,0.5195875501632691,0.39790575916230364
rcnn,15,adam,0.001,512,128,avg,27,0.8723404255319149,0.7714646464646465,0.10811229785283406,0.8301630434782609
rcnn,15,adam,0.001,512,128,max,28,0.8635794743429287,0.7512626262626263,0.03661474245289961,0.8206896551724138
rcnn,15,adam,0.001,512,128,last,28,0.6478931998331248,0.0707070707070707,0.4882100045681,0.34146341463414637
rcnn,15,sgd,0.1,128,128,avg,9,0.8552357113057989,0.6994949494949495,0.3755111106236776,0.8355957767722474
rcnn,15,sgd,0.1,128,128,max,9,0.8906967042136004,0.773989898989899,0.20188808540503184,0.8807471264367817
rcnn,15,sgd,0.1,128,128,last,9,0.6641635377555277,0.04924242424242424,0.595280475616455,0.42857142857142855
rcnn,15,sgd,0.1,512,128,avg,26,0.8831873174801835,0.7929292929292929,0.3103152298927307,0.8440860215053764
rcnn,15,sgd,0.1,512,128,max,27,0.885273258239466,0.7462121212121212,0.07243825847903887,0.8887218045112782
rcnn,15,sgd,0.1,512,128,last,26,0.6608260325406758,0.11237373737373738,0.5680663975079855,0.4472361809045226
rcnn,15,sgd,0.001,128,128,avg,9,0.6695869837296621,0.0,0.643906500339508,0.0
rcnn,15,sgd,0.001,128,128,max,9,0.6695869837296621,0.0,0.6233202187220256,0.0
rcnn,15,sgd,0.001,128,128,last,9,0.6695869837296621,0.0,0.6532187787691752,0.0
rcnn,15,sgd,0.001,512,128,avg,26,0.6695869837296621,0.0,0.6336892731984456,0.0
rcnn,15,sgd,0.001,512,128,max,27,0.6745932415519399,0.015151515151515152,0.5797656321525574,1.0
rcnn,15,sgd,0.001,512,128,last,26,0.6691697955778055,0.0,0.6463260984420777,0.0
lstm,5,adam,0.1,128,128,avg,3,0.7651230705047977,0.5492424242424242,0.52182901263237,0.6786271450858035
lstm,5,adam,0.1,128,128,max,3,0.8352106800166875,0.6654040404040404,0.445881253083547,0.802130898021309
lstm,5,adam,0.1,128,128,last,3,0.6257822277847309,0.21085858585858586,0.6883823887507121,0.3804100227790433
lstm,5,adam,0.1,512,128,avg,11,0.8097622027534418,0.6603535353535354,0.45903281966845194,0.7366197183098592
lstm,5,adam,0.1,512,128,max,11,0.7334167709637046,0.5669191919191919,2.227038728396098,0.6026845637583893
lstm,5,adam,0.1,512,128,last,11,0.6554025865665415,0.19696969696969696,1.391250142256419,0.4508670520231214
lstm,5,adam,0.001,128,128,avg,3,0.8773466833541927,0.7676767676767676,0.31806083818276726,0.8467966573816156
lstm,5,adam,0.001,128,128,max,3,0.886107634543179,0.7866161616161617,0.2921638818581899,0.8569463548830811
lstm,5,adam,0.001,128,128,last,3,0.6658322903629537,0.036616161616161616,0.5852712686856588,0.43283582089552236
lstm,5,adam,0.001,512,128,avg,11,0.8856904463913224,0.7954545454545454,0.2843474415938059,0.8490566037735849
lstm,5,adam,0.001,512,128,max,11,0.8898623279098874,0.8080808080808081,0.22605041523774466,0.851063829787234
lstm,5,adam,0.001,512,128,last,11,0.6612432206925324,0.04924242424242424,0.5789101441701253,0.3979591836734694
lstm,5,sgd,0.1,128,128,avg,3,0.6737588652482269,0.012626262626262626,0.5981639011700948,1.0
lstm,5,sgd,0.1,128,128,max,3,0.838130997079683,0.648989898989899,0.4085315310955048,0.8237179487179487
lstm,5,sgd,0.1,128,128,last,3,0.6695869837296621,0.0,0.6284813276926676,0.0
lstm,5,sgd,0.1,512,128,avg,11,0.7964121818940342,0.4898989898989899,0.48790648182233176,0.8220338983050848
lstm,5,sgd,0.1,512,128,max,11,0.8748435544430538,0.7714646464646465,0.3499318222204844,0.836986301369863
lstm,5,sgd,0.1,512,128,last,11,0.6675010429703796,0.012626262626262626,0.6129107618331909,0.4
lstm,5,sgd,0.001,128,128,avg,3,0.6695869837296621,0.0,0.671483584245046,0.0
lstm,5,sgd,0.001,128,128,max,3,0.6695869837296621,0.0,0.6332870276769003,0.0
lstm,5,sgd,0.001,128,128,last,3,0.6654151022110972,0.003787878787878788,0.6695731774965922,0.1875
lstm,5,sgd,0.001,512,128,avg,11,0.6695869837296621,0.0,0.669495857556661,0.0
lstm,5,sgd,0.001,512,128,max,11,0.6695869837296621,0.0,0.6255322265625,0.0
lstm,5,sgd,0.001,512,128,last,11,0.6675010429703796,0.003787878787878788,0.6640197006861369,0.2727272727272727
lstm,15,adam,0.1,128,128,avg,10,0.7676261994159366,0.6767676767676768,0.4997623109817505,0.6403823178016727
lstm,15,adam,0.1,128,128,max,10,0.7067167292448895,0.1452020202020202,0.689592349131902,0.8156028368794326
lstm,15,adam,0.1,128,128,last,10,0.574468085106383,0.3977272727272727,0.7360065841674804,0.36713286713286714
lstm,15,adam,0.1,512,128,avg,34,0.8143512724238632,0.6704545454545454,0.4639016596476237,0.7426573426573426
lstm,15,adam,0.1,512,128,max,34,0.769712140175219,0.3712121212121212,1.1432801330089568,0.8448275862068966
lstm,15,adam,0.1,512,128,last,34,0.6203587818105966,0.11868686868686869,1.6645858414967856,0.30718954248366015
lstm,15,adam,0.001,128,128,avg,10,0.8781810596579057,0.7436868686868687,0.25799816568692524,0.8687315634218289
lstm,15,adam,0.001,128,128,max,10,0.8727576136837714,0.8068181818181818,0.16374415397644043,0.8078381795195955
lstm,15,adam,0.001,128,128,last,10,0.6666666666666666,0.05176767676767677,0.5675922393798828,0.4606741573033708
lstm,15,adam,0.001,512,128,avg,34,0.869837296620776,0.7941919191919192,0.23536373992760976,0.8084832904884319
lstm,15,adam,0.001,512,128,max,34,0.8735919899874843,0.7790404040404041,0.04814844566086928,0.8281879194630872
lstm,15,adam,0.001,512,128,last,34,0.6649979140592407,0.06313131313131314,0.5637429157892863,0.45045045045045046
lstm,15,sgd,0.1,128,128,avg,10,0.8306216103462661,0.6388888888888888,0.44146392703056336,0.8083067092651757
lstm,15,sgd,0.1,128,128,max,10,0.8740091781393409,0.7361111111111112,0.3270721165339152,0.8624260355029586
lstm,15,sgd,0.1,128,128,last,10,0.670421360033375,0.017676767676767676,0.6091661794980368,0.5384615384615384
lstm,15,sgd,0.1,512,128,avg,33,0.8639966624947851,0.7171717171717171,0.3638751661777496,0.8477611940298507
lstm,15,sgd,0.1,512,128,max,33,0.8890279516061744,0.8169191919191919,0.26852715690930684,0.8424479166666666
lstm,15,sgd,0.1,512,128,last,33,0.6649979140592407,0.047979797979797977,0.5896768808364868,0.4367816091954023
lstm,15,sgd,0.001,128,128,avg,10,0.6695869837296621,0.0,0.6520476698875427,0.0
lstm,15,sgd,0.001,128,128,max,10,0.6695869837296621,0.0,0.6260478615760803,0.0
lstm,15,sgd,0.001,128,128,last,10,0.6687526074259491,0.0,0.6501852424939474,0.0
lstm,15,sgd,0.001,512,128,avg,33,0.6695869837296621,0.0,0.644639166990916,0.0
lstm,15,sgd,0.001,512,128,max,33,0.6695869837296621,0.0,0.6111127265294393,0.0
lstm,15,sgd,0.001,512,128,last,33,0.6691697955778055,0.0,0.6492385292053222,0.0
gru,5,adam,0.1,128,128,avg,3,0.7346683354192741,0.4154040404040404,0.5718831046422322,0.6553784860557769
gru,5,adam,0.1,128,128,max,3,0.6766791823112224,0.07449494949494949,0.748723812898,0.5841584158415841
gru,5,adam,0.1,128,128,last,3,0.6270337922403004,0.2967171717171717,0.8761645634969075,0.41083916083916083
gru,5,adam,0.1,512,128,avg,9,0.7605340008343763,0.6805555555555556,0.6175897443294525,0.6267441860465116
gru,5,adam,0.1,512,128,max,9,0.670421360033375,0.0025252525252525255,3.416570893128713,1.0
gru,5,adam,0.1,512,128,last,9,0.5686274509803921,0.40025252525252525,2.229984966913859,0.3618721461187215
gru,5,adam,0.001,128,128,avg,3,0.8781810596579057,0.7626262626262627,0.31045602083206175,0.8531073446327684
gru,5,adam,0.001,128,128,max,3,0.8898623279098874,0.7727272727272727,0.27277204632759094,0.8793103448275862
gru,5,adam,0.001,128,128,last,3,0.6620775969962454,0.03282828282828283,0.5902044208844502,0.37142857142857144
gru,5,adam,0.001,512,128,avg,9,0.8865248226950354,0.7916666666666666,0.2880524770418803,0.8542234332425068
gru,5,adam,0.001,512,128,max,9,0.8748435544430538,0.7840909090909091,0.190569629073143,0.828
gru,5,adam,0.001,512,128,last,9,0.6524822695035462,0.08964646464646464,0.5852212119102478,0.3879781420765027
gru,5,sgd,0.1,128,128,avg,3,0.7797246558197747,0.4356060606060606,0.5167301694552103,0.8098591549295775
gru,5,sgd,0.1,128,128,max,3,0.8531497705465165,0.7386363636363636,0.37734062314033506,0.8013698630136986
gru,5,sgd,0.1,128,128,last,3,0.6629119732999583,0.010101010101010102,0.6199583506584168,0.25
gru,5,sgd,0.1,512,128,avg,8,0.8397997496871089,0.6388888888888888,0.4145529536406199,0.8377483443708609
gru,5,sgd,0.1,512,128,max,8,0.8819357530246141,0.7853535353535354,0.31468184749285383,0.8462585034013606
gru,5,sgd,0.1,512,128,last,8,0.6554025865665415,0.05555555555555555,0.6030934882164002,0.36065573770491804
gru,5,sgd,0.001,128,128,avg,3,0.6666666666666666,0.011363636363636364,0.6791059978802999,0.36
gru,5,sgd,0.001,128,128,max,3,0.6695869837296621,0.0,0.6272293933232626,0.0
gru,5,sgd,0.001,128,128,last,3,0.6278681685440134,0.05176767676767677,0.6703961269060771,0.22527472527472528
gru,5,sgd,0.001,512,128,avg,8,0.6695869837296621,0.0,0.6510367004076639,0.0
gru,5,sgd,0.001,512,128,max,8,0.6695869837296621,0.0,0.6134357142448426,0.0
gru,5,sgd,0.001,512,128,last,8,0.6299541093032958,0.04292929292929293,0.6592430146535238,0.2085889570552147
gru,15,adam,0.1,128,128,avg,9,0.7171464330413017,0.6565656565656566,0.6085201664765676,0.5615550755939525
gru,15,adam,0.1,128,128,max,9,0.6695869837296621,0.003787878787878788,0.8216066320737203,0.5
gru,15,adam,0.1,128,128,last,9,0.5878181059657905,0.4027777777777778,0.9930563386281331,0.3824940047961631
gru,15,adam,0.1,512,128,avg,27,0.6975385899040467,0.09848484848484848,0.5772882231076558,0.8764044943820225
gru,15,adam,0.1,512,128,max,27,0.6695869837296621,0.0,5.566752314567566,0.0
gru,15,adam,0.1,512,128,last,27,0.6070087609511889,0.25252525252525254,3.0574574120839437,0.36363636363636365
gru,15,adam,0.001,128,128,avg,9,0.8744263662911973,0.7992424242424242,0.25256924748420717,0.8167741935483871
gru,15,adam,0.001,128,128,max,9,0.8639966624947851,0.8194444444444444,0.12184607724348705,0.7800480769230769
gru,15,adam,0.001,128,128,last,9,0.6604088443888193,0.059343434343434344,0.5687009978294373,0.4051724137931034
gru,15,adam,0.001,512,128,avg,27,0.867334167709637,0.7411616161616161,0.24261392136414847,0.8385714285714285
gru,15,adam,0.001,512,128,max,27,0.8606591572799333,0.7588383838383839,0.02428831269343694,0.8077956989247311
gru,15,adam,0.001,512,128,last,27,0.6612432206925324,0.06313131313131314,0.5714316066106161,0.4166666666666667
gru,15,sgd,0.1,128,128,avg,9,0.8485607008760951,0.6464646464646465,0.39002624988555906,0.8605042016806723
gru,15,sgd,0.1,128,128,max,9,0.8735919899874843,0.7904040404040404,0.29006976664066314,0.8204456094364351
gru,15,sgd,0.1,128,128,last,9,0.6633291614518148,0.03409090909090909,0.602186787923177,0.391304347826087
gru,15,sgd,0.1,512,128,avg,26,0.8731748018356279,0.7462121212121212,0.33361769914627076,0.8515850144092219
gru,15,sgd,0.1,512,128,max,26,0.8769294952023362,0.8143939393939394,0.2004862944285075,0.8133669609079445
gru,15,sgd,0.1,512,128,last,26,0.6599916562369629,0.045454545454545456,0.5881253067652384,0.37894736842105264
gru,15,sgd,0.001,128,128,avg,9,0.6695869837296621,0.0,0.634845712184906,0.0
gru,15,sgd,0.001,128,128,max,9,0.6695869837296621,0.0,0.6174456890424093,0.0
gru,15,sgd,0.001,128,128,last,8,0.6679182311222361,0.005050505050505051,0.6416254568099976,0.3333333333333333
gru,15,sgd,0.001,512,128,avg,26,0.6695869837296621,0.0,0.6243801832199096,0.0
gru,15,sgd,0.001,512,128,max,26,0.6775135586149353,0.027777777777777776,0.5828759090105693,0.88
gru,15,sgd,0.001,512,128,last,26,0.6679182311222361,0.005050505050505051,0.6377335198720296,0.3333333333333333
